Coaster,Park,City,State,Census Region,Year Opened,AgeGroup,TopSpeed,MaxHeight,Scale,Type,Design,Drop,Length,Duration,Inversions?,# of Inversions,Make,Latitude,Longitude
Adrenaline Peak,Oaks Amusement Park,Portland,Oregon,West,2018,3:Newest,45,72,Extreme,Steel,Sit Down,70,1050,66,Yes,3,Gerstlauer Amusement Rides GmbH,45.5079,-122.6908
Adventure Express,Kings Island,Mason,Ohio,Midwest,1991,2:Recent,35,63,Thrill,Steel,Sit Down,47,2963,140,No,0,Arrow Dynamics,39.3601,-84.3099
Afterburn,Carowinds,Charlotte,North Carolina,South,1999,2:Recent,62,113,Extreme,Steel,Inverted,110,2956,167,Yes,6,Bolliger & Mabillard,35.26,-80.8042
Aftershock,Silverwood Theme Park,Athol,Idaho,West,2008,3:Newest,65.6,191.6,Extreme,Steel,Inverted,177,1204,92,Yes,3,Vekoma,47.9224,-116.686
Air Grover,Busch Gardens Tampa,Tampa,Florida,South,2010,3:Newest,22,25,Family,Steel,Sit Down,22.5,628,47,No,0,Zierer,27.9961,-82.582
Alpengeist,Busch Gardens Williamsburg,Williamsburg,Virginia,South,1997,2:Recent,67,195,Extreme,Steel,Inverted,170,3828,190,Yes,6,Bolliger & Mabillard,37.3105,-76.7468
Alpine Bobsled,Great Escape,Queensbury,New York,Northeast,1998,2:Recent,35,64,Thrill,Steel,Bobsled,20,1490,100,No,0,Intamin Amusement Rides,43.341,-73.6859
American Eagle,Six Flags Great America,Gurnee,Illinois,Midwest,1981,2:Recent,66,127,Extreme,Wood,Sit Down,147,4650,143,No,0,Intamin Amusement Rides,42.3751,-87.9397
American Thunder,Six Flags St. Louis,Eureka,Missouri,Midwest,2008,3:Newest,48,82,Thrill,Wood,Sit Down,80,2713,110,No,0,Great Coasters International,38.5128,-90.6306
Anaconda,Kings Dominion,Doswell,Virginia,South,1991,2:Recent,50,128,Extreme,Steel,Sit Down,144,2700,110,Yes,4,Arrow Dynamics,37.8601,-77.4642
Apocalypse the Ride,Six Flags Magic Mountain,Valencia,California,West,2009,3:Newest,50.1,95,Extreme,Wood,Sit Down,87.3,2877,180,No,0,Great Coasters International,34.4658,-118.5538
Apollo's Chariot,Busch Gardens Williamsburg,Williamsburg,Virginia,South,1999,2:Recent,73,170,Extreme,Steel,Sit Down,210,4882,135,No,0,Bolliger & Mabillard,37.3105,-76.7468
Apple Zapple,Kings Dominion,Doswell,Virginia,South,2002,3:Newest,35,51.8,Thrill,Steel,Sit Down,49.8,1312.3,87,No,0,Mack Rides GmbH & Co KG,37.8601,-77.4642
Arkansas Twister,Magic Springs Theme and Water Park,Hot Springs,Arkansas,South,1992,2:Recent,50,95,Extreme,Wood,Sit Down,92,3340,123,No,0,Michael Black and Associates,34.6437,-92.9976
Avalanche,Kings Dominion,Doswell,Virginia,South,1988,2:Recent,35,69,Thrill,Steel,Bobsled,12,1906,90,No,0,Mack Rides GmbH & Co KG,37.8601,-77.4642
Back Lot Stunt Coaster,Kings Dominion,Doswell,Virginia,South,2006,3:Newest,40,45.2,Thrill,Steel,Sit Down,31.2,1960,64,No,0,Premier Rides,37.8601,-77.4642
Backlot Stunt Coaster,Kings Island,Mason,Ohio,Midwest,2005,3:Newest,40,45.2,Thrill,Steel,Sit Down,31.2,1960,64,No,0,Premier Rides,39.3601,-84.3099
Banshee,Kings Island,Mason,Ohio,Midwest,2014,3:Newest,68,167,Extreme,Steel,Inverted,150,4124,160,Yes,7,Bolliger & Mabillard,39.3601,-84.3099
Barnstormer,Walt Disney World - Magic Kingdom,Lake Buena Vista,Florida,South,1996,2:Recent,25,30,Family,Steel,Sit Down,20,NA,60,No,0,Vekoma,28.3937,-81.529
Barnyard Dance,Bengtson's Pumpkin Farm,Homer Glen,Illinois,Midwest,2017,3:Newest,NA,14,Family,Steel,Sit Down,NA,190,NA,No,0,SBF Visa Group,41.6292,-87.9309
Barracuda,Jolly Roger Amusement Park,Ocean City,Maryland,South,2019,3:Newest,NA,25,Thrill,Steel,Sit Down,NA,1200,49,No,0,Zierer,38.3505,-75.1289
Bat,Kings Island,Mason,Ohio,Midwest,1993,2:Recent,51,78,Thrill,Steel,Suspended,70,2352,112,No,0,Arrow Dynamics,39.3601,-84.3099
Bat,Lagoon,Farmington,Utah,West,2005,3:Newest,26,48.6,Family,Steel,Inverted,NA,1122.1,90,No,0,Vekoma,40.9691,-111.9073
Batman - The Dark Knight,Six Flags New England,Agawam,Massachusetts,Northeast,2002,3:Newest,55,117.8,Extreme,Steel,Sit Down,110.3,2600,140,Yes,5,Bolliger & Mabillard,42.0695,-72.6148
Batman The Ride,Six Flags Magic Mountain,Valencia,California,West,1994,2:Recent,50,105,Extreme,Steel,Inverted,84.5,2700,120,Yes,5,Bolliger & Mabillard,34.4658,-118.5538
Batman The Ride,Six Flags Discovery Kingdom,Vallejo,California,West,2019,3:Newest,38,120,Extreme,Steel,Wing,55,1019,144,No,0,S&S Sansei Technologies,38.1874,-122.2241
Batman The Ride,Six Flags Over Georgia,Austell,Georgia,South,1997,2:Recent,50,105,Extreme,Steel,Inverted,84.5,2700,120,Yes,5,Bolliger & Mabillard,33.8369,-84.6307
Batman The Ride,Six Flags Great America,Gurnee,Illinois,Midwest,1992,2:Recent,50,100,Extreme,Steel,Inverted,84.5,2700,120,Yes,5,Bolliger & Mabillard,42.3751,-87.9397
Batman The Ride,Six Flags St. Louis,Eureka,Missouri,Midwest,1995,2:Recent,50,105,Extreme,Steel,Inverted,85,2693,120,Yes,5,Bolliger & Mabillard,38.5128,-90.6306
Batman The Ride,Six Flags Great Adventure,Jackson,New Jersey,Northeast,1993,2:Recent,50,105,Extreme,Steel,Inverted,80,2693,90,Yes,5,Bolliger & Mabillard,40.1052,-74.3528
Batman The Ride,Six Flags Over Texas,Arlington,Texas,South,1999,2:Recent,50,105,Extreme,Steel,Inverted,54,2700,120,Yes,5,Bolliger & Mabillard,32.6356,-97.1488
Batman The Ride,Six Flags Fiesta Texas,San Antonio,Texas,South,2015,3:Newest,38,120,Extreme,Steel,Wing,54,1019,144,No,0,S&S Sansei Technologies,29.4684,-98.5289
Batwing,Six Flags America,Upper Marlboro,Maryland,South,2001,3:Newest,50,115,Extreme,Steel,Flying,103,3340,122,Yes,5,Vekoma,38.8162,-76.7861
Bear Trax,Seabreeze,Rochester,New York,Northeast,1997,2:Recent,15,15,Family,Steel,Sit Down,12,380,52,No,0,E&F Miler Industries,43.286,-77.6843
Beast,Kings Island,Mason,Ohio,Midwest,1979,1:Older,64.8,110,Extreme,Wood,Sit Down,141,7359,250,No,0,NA,39.3601,-84.3099
Big Apple Coaster,"New York, New York Hotel & Casino",Las Vegas,Nevada,West,1997,2:Recent,67,203,Extreme,Steel,Sit Down,144,4777,160,Yes,2,Togo,36.1737,-115.1065
Big Bad John,Magic Springs Theme and Water Park,Hot Springs,Arkansas,South,2002,3:Newest,37,32,Thrill,Steel,Sit Down,41,2349,180,No,0,Arrow Dynamics,34.6437,-92.9976
Big Dipper,Camden Park,Huntington,West Virginia,South,1958,1:Older,NA,50,Thrill,Wood,Sit Down,35,NA,100,No,0,National Amusement Device Company,38.3717,-82.4129
Big Thunder Mountain Railroad,Disneyland,Anaheim,California,West,1979,1:Older,28,NA,Thrill,Steel,Sit Down,NA,2671,NA,No,0,Dynamic Attractions,33.845,-117.9522
Big Thunder Mountain Railroad,Walt Disney World - Magic Kingdom,Lake Buena Vista,Florida,South,1980,2:Recent,36,45,Thrill,Steel,Sit Down,35,2780,210,No,0,NA,28.3937,-81.529
Big Timber Log Ride,Enchanted Forest,Turner,Oregon,West,1996,2:Recent,30,50,Thrill,Steel,Sit Down,40,NA,330,No,0,E&F Miler Industries,44.7952,-122.9422
Bizarro,Six Flags Great Adventure,Jackson,New Jersey,Northeast,1999,2:Recent,61,142,Extreme,Steel,Sit Down,132,3985,140,Yes,7,Bolliger & Mabillard,40.1052,-74.3528
Black Diamond,Knoebels Amusement Resort,Elysburg,Pennsylvania,Northeast,2011,3:Newest,12,35,Family,Steel,Sit Down,NA,NA,230,No,0,"Philadelphia Toboggan Coasters, Inc.",40.8594,-76.5508
Blazin' Buckaroo,Elitch Gardens,Denver,Colorado,West,2013,3:Newest,15,16,Family,Steel,Sit Down,13,337,NA,No,0,E&F Miler Industries,39.7602,-104.9966
Blazing Fury,Dollywood,Pigeon Forge,Tennessee,South,1978,1:Older,22,22,Family,Steel,Sit Down,NA,1520,189,No,0,NA,35.786,-83.5622
Blue Hawk,Six Flags Over Georgia,Austell,Georgia,South,1992,2:Recent,52,122,Extreme,Steel,Sit Down,109,2742,80,Yes,5,Vekoma,33.8369,-84.6307
Blue Streak,Cedar Point,Sandusky,Ohio,Midwest,1964,1:Older,40,78,Thrill,Wood,Sit Down,72,2558,105,No,0,"Philadelphia Toboggan Coasters, Inc.",41.3991,-82.7244
Blue Streak,Conneaut Lake Park,Conneaut Lake,Pennsylvania,Northeast,1938,1:Older,50,87,Family,Wood,Sit Down,79,2900,140,No,0,NA,41.6162,-80.3068
Boardwalk Bullet,Kemah Boardwalk,Kemah,Texas,South,2007,3:Newest,51,96,Extreme,Wood,Sit Down,92,3236,120,No,0,Martin & Vleminckx,29.5427,-95.0205
Bobsleds,Seabreeze,Rochester,New York,Northeast,1954,1:Older,23,31,Family,Steel,Sit Down,16,1240,89,No,0,NA,43.286,-77.6843
Bombora,Lagoon,Farmington,Utah,West,2011,3:Newest,31,45,Family,Steel,Sit Down,NA,1040,71,No,0,NA,40.9691,-111.9073
Boomerang,Elitch Gardens,Denver,Colorado,West,1999,2:Recent,47,116.5,Extreme,Steel,Sit Down,125,935,108,Yes,3,Vekoma,39.7602,-104.9966
Boomerang,Wild Adventures,Valdosta,Georgia,South,1998,2:Recent,47,116.5,Extreme,Steel,Sit Down,125,935,108,Yes,3,Vekoma,30.7539,-83.3321
Boomerang,Worlds of Fun,Kansas City,Missouri,Midwest,2000,3:Newest,47,116.5,Extreme,Steel,Sit Down,125,935,108,Yes,3,Vekoma,39.1024,-94.5986
Boomerang,Six Flags St. Louis,Eureka,Missouri,Midwest,2013,3:Newest,47,116.5,Extreme,Steel,Sit Down,125,935,108,Yes,3,Vekoma,38.5128,-90.6306
Boomerang,Six Flags Fiesta Texas,San Antonio,Texas,South,1999,2:Recent,47,116.5,Extreme,Steel,Sit Down,125,935,108,Yes,3,Vekoma,29.4684,-98.5289
Boomerang Coast to Coaster,Six Flags Discovery Kingdom,Vallejo,California,West,1998,2:Recent,47,116.5,Extreme,Steel,Sit Down,116,935,108,Yes,3,Vekoma,38.1874,-122.2241
Boomerang Coast to Coaster,Six Flags Darien Lake,Darien Center,New York,Northeast,1998,2:Recent,47,116.5,Extreme,Steel,Sit Down,116,935,108,Yes,3,Vekoma,42.896,-78.3857
Boss,Six Flags St. Louis,Eureka,Missouri,Midwest,2000,3:Newest,66.3,122,Extreme,Wood,Sit Down,150,4631,186,No,0,"Custom Coasters International, Inc.",38.5128,-90.6306
Boulder Dash,Lake Compounce,Bristol,Connecticut,Northeast,2000,3:Newest,60,110,Extreme,Wood,Sit Down,115,4725,150,No,0,"Custom Coasters International, Inc.",41.6812,-72.9396
Bubbles The Coaster,Storybook Land,Egg Harbor Township,New Jersey,Northeast,2000,3:Newest,NA,16,Family,Steel,Sit Down,NA,NA,84,No,0,E&F Miler Industries,39.3741,-74.6118
Cannibal,Lagoon,Farmington,Utah,West,2015,3:Newest,70,208,Extreme,Steel,Sit Down,203,2735,150,Yes,4,NA,40.9691,-111.9073
Cannon Ball,Lake Winnepesaukah,Rossville,Georgia,South,1967,1:Older,50,70,Thrill,Wood,Sit Down,70,2272,94,No,0,"Philadelphia Toboggan Coasters, Inc.",34.9831,-85.2861
Canobie Corkscrew,Canobie Lake Park,Salem,New Hampshire,Northeast,1987,2:Recent,45,73,Extreme,Steel,Sit Down,65,1250,90,Yes,2,Arrow Dynamics,42.7884,-71.2009
Canyon Blaster,Six Flags Magic Mountain,Valencia,California,West,1999,2:Recent,10,8,Family,Steel,Sit Down,6,416,52,No,0,E&F Miler Industries,34.4658,-118.5538
Canyon Blaster,Adventuredome,Las Vegas,Nevada,West,1993,2:Recent,41,94,Extreme,Steel,Sit Down,66,2423,90,Yes,4,Arrow Dynamics,36.1737,-115.1065
Canyon Blaster,Great Escape,Queensbury,New York,Northeast,2003,3:Newest,45,56,Thrill,Steel,Sit Down,NA,2036,150,No,0,Arrow Dynamics,43.341,-73.6859
Carolina Cyclone,Carowinds,Charlotte,North Carolina,South,1980,2:Recent,41,95,Extreme,Steel,Sit Down,65,2100,90,Yes,4,Arrow Dynamics,35.26,-80.8042
Carolina Goldrusher,Carowinds,Charlotte,North Carolina,South,1973,1:Older,30,43,Thrill,Steel,Sit Down,34,2397,137,No,0,Arrow Dynamics,35.26,-80.8042
Catwoman's Whip,Six Flags New England,Agawam,Massachusetts,Northeast,2000,3:Newest,22.4,26.3,Family,Steel,Sit Down,26,1181.1,62,No,0,Zierer,42.0695,-72.6148
Cedar Creek Mine Ride,Cedar Point,Sandusky,Ohio,Midwest,1969,1:Older,42,55,Thrill,Steel,Sit Down,48,2540,162,No,0,Arrow Dynamics,41.3991,-82.7244
Centi-SPEED,Alabama Adventure & Splash Adventure,Bessemer,Alabama,South,2014,3:Newest,NA,24,Family,Steel,Sit Down,NA,NA,48,No,0,Fajume,33.4024,-86.9518
Cheetah,Wild Adventures,Valdosta,Georgia,South,2001,3:Newest,52,92,Extreme,Wood,Sit Down,90,2680,126,No,0,"Custom Coasters International, Inc.",30.7539,-83.3321
Cheetah Hunt,Busch Gardens Tampa,Tampa,Florida,South,2011,3:Newest,60,102,Extreme,Steel,Sit Down,130,4429,117,Yes,1,Intamin Amusement Rides,27.9961,-82.582
Circus Coaster,Luna Park,Brooklyn,New York,Northeast,2010,3:Newest,18.6,29.5,Family,Steel,Sit Down,NA,574.2,118,No,0,Zamperla,40.6312,-73.9415
Classic Coaster,Washington State Fair,Puyallup,Washington,West,1935,1:Older,50,55,Thrill,Wood,Sit Down,52,2650,105,No,0,NA,47.2128,-122.3171
Cliffhanger,Glenwood Caverns Adventure Park,Glenwood Springs,Colorado,West,2012,3:Newest,25,59,Thrill,Steel,Sit Down,30,1430,94,No,0,S&MC,39.6014,-107.3043
Coast Rider,Knott's Berry Farm,Buena Park,California,West,2013,3:Newest,35,52,Thrill,Steel,Sit Down,50,1339,98,No,0,Mack Rides GmbH & Co KG,33.8463,-118.01220000000001
Coastersaurus,Legoland California,Carlsbad,California,West,2004,3:Newest,20.5,18.1,Family,Steel,Sit Down,NA,492.2,67,No,0,Gerstlauer Amusement Rides GmbH,33.1442,-117.3194
Coastersaurus,Legoland Florida,Winter Haven,Florida,South,2004,3:Newest,32,40,Family,Wood,Sit Down,NA,1365,50,No,0,Martin & Vleminckx,27.9873,-81.7625
Cobra,Six Flags Discovery Kingdom,Vallejo,California,West,2000,3:Newest,22.4,26.3,Family,Steel,Sit Down,25,1181.1,129,No,0,Zierer,38.1874,-122.2241
Cobra,Zoomers Family Amusement Park,Fort Myers Beach,Florida,South,2012,3:Newest,NA,20,Family,Steel,Sit Down,8,NA,NA,No,0,Wisdom Rides,26.5529,-81.9486
Cobra's Curse,Busch Gardens Tampa,Tampa,Florida,South,2016,3:Newest,40,70,Thrill,Steel,Sit Down,70,2100,156,No,0,Mack Rides GmbH & Co KG,27.9961,-82.582
Cocoa Cruiser,Hersheypark,Hershey,Pennsylvania,Northeast,2014,3:Newest,16,13,Family,Steel,Sit Down,NA,279,44,No,0,Zamperla,40.2697,-76.6364
Colossus the Fire Dragon,Lagoon,Farmington,Utah,West,1983,2:Recent,49.1,86.9,Extreme,Steel,Sit Down,81,2296.6,105,Yes,2,Schwarzkopf,40.9691,-111.9073
Comet,Great Escape,Queensbury,New York,Northeast,1994,2:Recent,55,95,Extreme,Wood,Sit Down,87,4197,120,No,0,"Philadelphia Toboggan Coasters, Inc.",43.341,-73.6859
Comet,Hersheypark,Hershey,Pennsylvania,Northeast,1946,1:Older,50,84,Extreme,Wood,Sit Down,78,3360,105,No,0,"Philadelphia Toboggan Coasters, Inc.",40.2697,-76.6364
Comet,Waldameer,Erie,Pennsylvania,Northeast,1951,1:Older,25,37,Family,Wood,Sit Down,25,1300,84,No,0,"Philadelphia Toboggan Coasters, Inc.",42.1213,-80.0889
Copperhead Strike,Carowinds,Charlotte,North Carolina,South,2019,3:Newest,50,82,Extreme,Steel,Sit Down,80,3255,144,Yes,5,Mack Rides GmbH & Co KG,35.26,-80.8042
Corkscrew,Silverwood Theme Park,Athol,Idaho,West,1990,2:Recent,46,70,Extreme,Steel,Sit Down,62,1250,73,Yes,2,Arrow Dynamics,47.9224,-116.686
Corkscrew,Michigan's Adventure,Muskegon,Michigan,Midwest,1979,1:Older,45,70,Extreme,Steel,Sit Down,65,1250,90,Yes,2,Arrow Dynamics,43.2377,-86.2542
Corkscrew,Valleyfair!,Shakopee,Minnesota,Midwest,1980,2:Recent,50,85,Extreme,Steel,Sit Down,65,1950,90,Yes,3,Arrow Dynamics,44.7986,-93.5194
Corkscrew,Cedar Point,Sandusky,Ohio,Midwest,1976,1:Older,48,85,Extreme,Steel,Sit Down,65,2050,120,Yes,3,Arrow Dynamics,41.3991,-82.7244
Cornball Express,Indiana Beach,Monticello,Indiana,Midwest,2001,3:Newest,45,55,Thrill,Wood,Sit Down,78,2100,93,No,0,"Custom Coasters International, Inc.",40.7792,-86.7495
Corona Cobra Coaster,Fantasy Forest at the Flushing Meadows Carousel,Flushing,New York,Northeast,2013,3:Newest,10,11.5,Family,Steel,Sit Down,10,300,59,No,0,E&F Miler Industries,40.7807,-73.8253
Cosmic Coaster,Worlds of Fun,Kansas City,Missouri,Midwest,1993,2:Recent,15,12,Family,Steel,Sit Down,9,444,55,No,0,Preston & Barbieri,39.1024,-94.5986
Crazy 8,FunXcess,Lithonia,Georgia,South,2017,3:Newest,NA,14,Family,Steel,Sit Down,NA,190,NA,No,0,SBF Visa Group,33.6675,-84.1448
Crazy Dane Coaster,Scandia Family Fun Center,Sacramento,California,West,2015,3:Newest,NA,35,Thrill,Steel,Sit Down,25,1100,92,No,0,E&F Miler Industries,38.3805,-121.5554
Crazy Mouse,Park at OWA,Foley,Alabama,South,2017,3:Newest,29.2,36.1,Thrill,Steel,Sit Down,NA,1036.8,144,No,0,Zamperla,30.3847,-87.7268
Crazy Mouse,Steel Pier,Atlantic City,New Jersey,Northeast,1999,2:Recent,29.1,42.7,Thrill,Steel,Sit Down,30,1377.9,90,No,0,Reverchon,39.3773,-74.4511
Crazy Mouse,Playland Park,Rye,New York,Northeast,2003,3:Newest,31.1,41,Thrill,Steel,Sit Down,NA,1234,80,No,0,Zamperla,40.9789,-73.6933
Crazy Mouse,DelGrosso's Amusement Park,Tipton,Pennsylvania,Northeast,2004,3:Newest,29.1,42.7,Thrill,Steel,Sit Down,NA,1377.9,90,No,0,Reverchon,40.6367,-78.3036
Cruiser Coaster,Craig's Cruisers Family Fun Center,Wyoming,Michigan,Midwest,2018,3:Newest,NA,14,Family,Steel,Sit Down,NA,190,NA,No,0,SBF Visa Group,42.8977,-85.6928
Cyclone,Lakeside Amusement Park,Denver,Colorado,West,1940,1:Older,55,80,Thrill,Wood,Sit Down,80,2800,120,No,0,NA,39.7602,-104.9966
Cyclone,Luna Park,Brooklyn,New York,Northeast,1927,1:Older,60,75,Thrill,Wood,Sit Down,58.6,2850.3,110,No,0,NA,40.6312,-73.9415
Cyclone,Wonderland Amusement Park,Amarillo,Texas,South,1968,1:Older,17,35,Thrill,Steel,Sit Down,15,907,70,No,0,Miler Manufacturing,35.206,-101.8396
Cyclops,Mt. Olympus Water & Theme Park,Wisconsin Dells,Wisconsin,Midwest,1995,2:Recent,58,70,Extreme,Wood,Sit Down,75,1900,60,No,0,"Custom Coasters International, Inc.",43.6275,-89.771
Dahlonega Mine Train,Six Flags Over Georgia,Austell,Georgia,South,1967,1:Older,29,37,Thrill,Steel,Sit Down,47,2327,171,No,0,Arrow Dynamics,33.8369,-84.6307
Dare Devil Dive,Six Flags Over Georgia,Austell,Georgia,South,2011,3:Newest,52,95,Extreme,Steel,Sit Down,93,2099,92,Yes,3,Gerstlauer Amusement Rides GmbH,33.8369,-84.6307
Dark Knight,Six Flags Great America,Gurnee,Illinois,Midwest,2008,3:Newest,55,117.8,Thrill,Steel,Sit Down,45,1213,120,No,0,Mack Rides GmbH & Co KG,42.3751,-87.9397
Dark Knight,Six Flags Great Adventure,Jackson,New Jersey,Northeast,2008,3:Newest,55,117.8,Thrill,Steel,Sit Down,45,1213,120,No,0,Mack Rides GmbH & Co KG,40.1052,-74.3528
Demon,California's Great America,Santa Clara,California,West,1980,2:Recent,50,102,Extreme,Steel,Sit Down,90,2130,105,Yes,4,Arrow Dynamics,37.3512,-121.9523
Demon,Six Flags Great America,Gurnee,Illinois,Midwest,1980,2:Recent,50,103.7,Extreme,Steel,Sit Down,90,2130,105,Yes,4,Arrow Dynamics,42.3751,-87.9397
Desert Storm,Castles n' Coasters,Phoenix,Arizona,West,1992,2:Recent,50,90,Extreme,Steel,Sit Down,85,2000,119,Yes,2,Hopkins,33.704,-112.3518
Desperado,Buffalo Bill's Resort & Casino,Primm,Nevada,West,1994,2:Recent,80,209,Extreme,Steel,Sit Down,225,5843,163,No,0,Arrow Dynamics,35.6128,-115.3903
Diamond Back,Frontier City,Oklahoma City,Oklahoma,South,1993,2:Recent,45,56,Extreme,Steel,Sit Down,47,635,66,Yes,1,Arrow Dynamics,35.4916,-97.5628
Diamond Mine Run,Magic Springs Theme and Water Park,Hot Springs,Arkansas,South,2000,3:Newest,10,16,Family,Steel,Sit Down,15,416,54,No,0,E&F Miler Industries,34.6437,-92.9976
Diamondback,Kings Island,Mason,Ohio,Midwest,2009,3:Newest,80,230,Extreme,Steel,Sit Down,215,5282,180,No,0,Bolliger & Mabillard,39.3601,-84.3099
Dinosaur Canyon,Deadwood,Williamston,North Carolina,South,2008,3:Newest,NA,8,Kiddie,Steel,Sit Down,NA,NA,154,No,0,B. A. Schiff & Associates,35.8212,-77.1022
Dominator,Kings Dominion,Doswell,Virginia,South,2008,3:Newest,65,157,Extreme,Steel,Sit Down,148,4210,129,Yes,5,Bolliger & Mabillard,37.8601,-77.4642
Doo Wopper,Morey's Piers,Wildwood,New Jersey,Northeast,2005,3:Newest,25,35,Thrill,Steel,Sit Down,15,885,75,No,0,Zamperla,39,-74.8167
Dragon,Legoland California,Carlsbad,California,West,1999,2:Recent,28,42.7,Family,Steel,Sit Down,NA,1400,177,No,0,Vekoma,33.1442,-117.3194
Dragon,Legoland Florida,Winter Haven,Florida,South,2004,3:Newest,28.5,42.7,Family,Steel,Sit Down,30,1099,66,No,0,Vekoma,27.9873,-81.7625
Dragon Coaster,Mile High Flea Market,Henderson,Colorado,West,2000,3:Newest,8,9,Family,Steel,Sit Down,NA,NA,45,No,0,Wisdom Rides,39.8792,-104.8836
Dragon Coaster,All Star Adventures,Wichita,Kansas,Midwest,2006,3:Newest,8,9,Family,Steel,Sit Down,NA,NA,45,No,0,Wisdom Rides,37.652,-97.259
Dragon Coaster,Las Vegas Mini Gran Prix,Las Vegas,Nevada,West,2000,3:Newest,8,9,Kiddie,Steel,Sit Down,NA,NA,45,No,0,Wisdom Rides,36.1737,-115.1065
Dragon Coaster,Playland Park,Rye,New York,Northeast,1929,1:Older,45,80,Family,Wood,Sit Down,60,3400,120,No,0,NA,40.9789,-73.6933
Dragon Coaster,Castle Fun Center,Chester,New York,Northeast,2018,3:Newest,8,9,Family,Steel,Sit Down,NA,NA,45,No,0,E&F Miler Industries,41.3626,-74.2713
Dragon Coaster,In The Game Funtrackers,Corpus Christi,Texas,South,2016,3:Newest,8,9,Family,Steel,Sit Down,NA,NA,45,No,0,Wisdom Rides,27.7978,-97.3991
Dragon Roller Coaster,Pixieland Amusement Park,Concord,California,West,1995,2:Recent,8,11,Family,Steel,Sit Down,8,280,90,No,0,Wisdom Rides,37.9537,-122.0229
Dragon Roller Coaster,Fiesta Village Family Fun Park,Colton,California,West,2016,3:Newest,8,9,Family,Steel,Sit Down,NA,NA,45,No,0,Wisdom Rides,34.0739,-117.3137
Dragonflier,Dollywood,Pigeon Forge,Tennessee,South,2019,3:Newest,46,63,Family,Steel,Suspended,NA,1486.2,103,No,0,Vekoma,35.786,-83.5622
El Loco,Adventuredome,Las Vegas,Nevada,West,2014,3:Newest,45,90,Extreme,Steel,Sit Down,80,1300,73,Yes,2,S&S Sansei Technologies,36.1737,-115.1065
El Toro,Six Flags Great Adventure,Jackson,New Jersey,Northeast,2006,3:Newest,70,181,Extreme,Wood,Sit Down,176,4400,102,No,0,Intamin Amusement Rides,40.1052,-74.3528
Electric Eel,SeaWorld San Diego,San Diego,California,West,2018,3:Newest,62,150,Extreme,Steel,Sit Down,135,863,102,Yes,1,Premier Rides,32.7241,-117.1709
Emerald Coaster,Sam's Fun City,Pensacola,Florida,South,2018,3:Newest,NA,33,Thrill,Steel,Sit Down,NA,1100,80,No,0,Pinfari,30.4288,-87.2225
Excalibur,Funtown Splashtown U.S.A.,Saco,Maine,Northeast,1998,2:Recent,55,100,Extreme,Wood,Sit Down,82,2700,118,No,0,"Custom Coasters International, Inc.",43.5009,-70.4428
Excalibur,Valleyfair!,Shakopee,Minnesota,Midwest,1989,2:Recent,54.5,100,Thrill,Steel,Sit Down,105,2415,137,No,0,Arrow Dynamics,44.7986,-93.5194
Expedition Everest,Walt Disney World - Disney's Animal Kingdom,Lake Buena Vista,Florida,South,2006,3:Newest,50,112,Extreme,Steel,Sit Down,80,4424,170,No,0,Vekoma,28.3937,-81.529
Exterminator,Kennywood,West Mifflin,Pennsylvania,Northeast,1999,2:Recent,29.1,42.7,Thrill,Steel,Sit Down,50,1377.9,108,No,0,Reverchon,40.3625,-79.8984
Fahrenheit,Hersheypark,Hershey,Pennsylvania,Northeast,2008,3:Newest,58,121,Extreme,Steel,Sit Down,115,2700,85,Yes,6,Intamin Amusement Rides,40.2697,-76.6364
Fairly Odd Coaster,Nickelodeon Universe,Bloomington,Minnesota,Midwest,2004,3:Newest,31,54,Thrill,Steel,Sit Down,34,1345,90,No,0,Gerstlauer Amusement Rides GmbH,43.8666,-93.051
Family Coaster,Andretti Thrill Park,Melbourne,Florida,South,2015,3:Newest,NA,14,Family,Steel,Sit Down,NA,190,NA,No,0,SBF Visa Group,28.0794,-80.6236
Family Flyer,Playland Park,Rye,New York,Northeast,2001,3:Newest,8,13,Family,Steel,Sit Down,9,262.5,30,No,0,Zamperla,40.9789,-73.6933
Fiesta Express,Fun Fore All Family Entertainment Center,Cranberry Township,Pennsylvania,Northeast,2003,3:Newest,NA,8,Family,Steel,Sit Down,NA,262,120,No,0,Zamperla,41.3242,-79.6235
Fiesta Express,Austin's Park N Pizza,Pflugerville,Texas,South,2013,3:Newest,NA,8,Family,Steel,Sit Down,NA,262,120,No,0,Zamperla,30.4427,-97.5971
Fire In The Hole,Silver Dollar City,Branson,Missouri,Midwest,1972,1:Older,27,36,Family,Steel,Sit Down,20,1380,195,No,0,NA,36.661,-93.2358
Firebird,Six Flags America,Upper Marlboro,Maryland,South,2012,3:Newest,55,100,Extreme,Steel,Sit Down,90,2900,120,Yes,2,Bolliger & Mabillard,38.8162,-76.7861
FireChaser Express,Dollywood,Pigeon Forge,Tennessee,South,2014,3:Newest,34.5,78,Family,Steel,Sit Down,72,2427,132,No,0,Gerstlauer Amusement Rides GmbH,35.786,-83.5622
Flash: Vertical Velocity,Six Flags Discovery Kingdom,Vallejo,California,West,2001,3:Newest,65,185,Extreme,Steel,Inverted,160,630,74,Yes,1,Intamin Amusement Rides,38.1874,-122.2241
Flashback,Six Flags New England,Agawam,Massachusetts,Northeast,2000,3:Newest,47,116.5,Extreme,Steel,Sit Down,34,935,108,Yes,3,Vekoma,42.0695,-72.6148
Flashback,Great Escape,Queensbury,New York,Northeast,1997,2:Recent,47,116.5,Extreme,Steel,Sit Down,NA,935,108,Yes,3,Vekoma,43.341,-73.6859
Flight Deck,California's Great America,Santa Clara,California,West,1993,2:Recent,50,102,Extreme,Steel,Inverted,91,2260,146,Yes,3,Bolliger & Mabillard,37.3512,-121.9523
Flight of Fear,Kings Island,Mason,Ohio,Midwest,1996,2:Recent,54,74.2,Extreme,Steel,Sit Down,NA,2705,60,Yes,4,Premier Rides,39.3601,-84.3099
Flight of Fear,Kings Dominion,Doswell,Virginia,South,1996,2:Recent,54,74.2,Extreme,Steel,Sit Down,NA,2705,144,Yes,4,Premier Rides,37.8601,-77.4642
Flight of the Hippogriff,Universal Studios Hollywood,Universal City,California,West,2016,3:Newest,28,43,Family,Steel,Sit Down,30,984.3,70,No,0,Mack Rides GmbH & Co KG,34.1389,-118.3534
Flight of the Hippogriff,Universal Studios Islands of Adventure,Orlando,Florida,South,2000,3:Newest,28.5,42.7,Family,Steel,Sit Down,30,1099.1,66,No,0,Vekoma,28.5452,-81.3733
Flying Ace Aerial Chase,Kings Island,Mason,Ohio,Midwest,2001,3:Newest,26,48.6,Family,Steel,Inverted,NA,1122.1,90,No,0,Vekoma,39.3601,-84.3099
Flying Cobras,Carowinds,Charlotte,North Carolina,South,2009,3:Newest,47,116.5,Extreme,Steel,Sit Down,116,935,108,Yes,3,Vekoma,35.26,-80.8042
Flying Dragon,Funderland Amusement Park,Sacramento,California,West,1990,2:Recent,8,11,Kiddie,Steel,Sit Down,8,280,90,No,0,Wisdom Rides,38.3805,-121.5554
Flying School,Legoland Florida,Winter Haven,Florida,South,2004,3:Newest,26,48.6,Family,Steel,Inverted,NA,1122.1,90,No,0,Vekoma,27.9873,-81.7625
Flying Turns,Knoebels Amusement Resort,Elysburg,Pennsylvania,Northeast,2013,3:Newest,24,50,Thrill,Wood,Bobsled,NA,1300,113,No,0,NA,40.8594,-76.5508
Frankie's Mine Train,Great Escape,Queensbury,New York,Northeast,2005,3:Newest,16.1,13,Family,Steel,Sit Down,10,262.5,NA,No,0,Zamperla,43.341,-73.6859
Frankie's Mine Train,Frontier City,Oklahoma City,Oklahoma,South,2019,3:Newest,NA,13,Family,Steel,Sit Down,NA,262.5,NA,No,0,Zamperla,35.4916,-97.5628
Freedom Flyer,Fun Spot America,Orlando,Florida,South,2013,3:Newest,34.2,64.3,Family,Steel,Suspended,NA,1295.9,61,No,0,Vekoma,28.5452,-81.3733
Freedom Rider,iPlay America,Freehold,New Jersey,Northeast,2016,3:Newest,NA,14,Family,Steel,Sit Down,NA,190,NA,No,0,SBF Visa Group,40.2364,-74.3063
Freeway Coaster,Adventure City,Anaheim,California,West,1994,2:Recent,NA,16,Kiddie,Steel,Sit Down,13,280,57,No,0,E&F Miler Industries,33.845,-117.9522
Full Throttle,Six Flags Magic Mountain,Valencia,California,West,2013,3:Newest,70,164,Extreme,Steel,Sit Down,NA,2200,90,Yes,2,Premier Rides,34.4658,-118.5538
FunCoaster,Funplex,Mount Laurel,New Jersey,Northeast,2013,3:Newest,26.7,36.1,Thrill,Steel,Sit Down,NA,1017.1,100,No,0,SBF Visa Group,39.9559,-74.9173
Fury 325,Carowinds,Charlotte,North Carolina,South,2015,3:Newest,95,325,Extreme,Steel,Sit Down,320,6602,160,No,0,Bolliger & Mabillard,35.26,-80.8042
Gadget's Go Coaster,Disneyland,Anaheim,California,West,1993,2:Recent,21.7,27.9,Family,Steel,Sit Down,20,679.2,44,No,0,Vekoma,33.845,-117.9522
Galaxi,Cliff's Amusement Park,Albuquerque,New Mexico,West,1977,1:Older,35,45,Thrill,Steel,Sit Down,32,1650,122,No,0,S.D.C.,35.1996,-106.6448
Galaxi,Sylvan Beach Amusement Park,Sylvan Beach,New York,Northeast,1993,2:Recent,35,45,Thrill,Steel,Sit Down,32,1650,122,No,0,S.D.C.,43.2067,-75.7214
Galaxi,Joyland Amusement Park,Lubbock,Texas,South,1991,3:Newest,31,45,Thrill,Steel,Sit Down,32,1650,122,No,0,S.D.C.,33.5888,-101.8504
Galaxy Spin,Fun Spot America,Kissimmee,Florida,South,2011,3:Newest,29.1,42.7,Thrill,Steel,Sit Down,NA,1377.9,90,No,0,Zamperla,28.3064,-81.4255
GaleForce,Playland's Castaway Cove,Ocean City,New Jersey,Northeast,2017,3:Newest,64,125,Extreme,Steel,Sit Down,100,1269,60,Yes,2,S&S Sansei Technologies,39.2485,-74.6044
GateKeeper,Cedar Point,Sandusky,Ohio,Midwest,2013,3:Newest,67,170,Extreme,Steel,Wing,164,4164,160,Yes,6,Bolliger & Mabillard,41.3991,-82.7244
Gauntlet,Magic Springs Theme and Water Park,Hot Springs,Arkansas,South,2004,3:Newest,49.7,109,Extreme,Steel,Inverted,95,2260,96,Yes,5,Vekoma,34.6437,-92.9976
Gemini,Cedar Point,Sandusky,Ohio,Midwest,1978,1:Older,60,125.3,Thrill,Steel,Sit Down,118,3935,140,No,0,Arrow Dynamics,41.3991,-82.7244
Genesis Kidz Koaster,Modern Woodmen Park,Davenport,Iowa,Midwest,2017,3:Newest,NA,14,Family,Steel,Sit Down,NA,190,NA,No,0,SBF Visa Group,41.521,-90.5748
Georgia Scorcher,Six Flags Over Georgia,Austell,Georgia,South,1999,2:Recent,54,107,Extreme,Steel,Stand Up,101,3000,84,Yes,2,Bolliger & Mabillard,33.8369,-84.6307
GhostRider,Knott's Berry Farm,Buena Park,California,West,1998,2:Recent,56,118,Extreme,Wood,Sit Down,108,4533,160,No,0,"Custom Coasters International, Inc.",33.8463,-118.01220000000001
Giant Dipper,Santa Cruz Beach Boardwalk,Santa Cruz,California,West,1924,1:Older,55,70,Thrill,Wood,Sit Down,65,2640,112,No,0,NA,37.0527,-122.1111
Giant Dipper,Belmont Park,San Diego,California,West,1925,1:Older,55,73,Thrill,Wood,Sit Down,62,2600,113,No,0,NA,32.7241,-117.1709
Gilbeau's Galaxi,Blue Bayou Dixie Landin',Baton Rouge,Louisiana,South,2001,3:Newest,35,45,Thrill,Steel,Sit Down,32,1650,93,No,0,S.D.C.,30.4492,-91.1856
Go Bananas!,Wild Adventures,Valdosta,Georgia,South,2000,3:Newest,28,49.3,Thrill,Steel,Sit Down,21,1213.9,70,No,0,Maurer Rides GmbH,30.7539,-83.3321
Gold Rusher,Six Flags Magic Mountain,Valencia,California,West,1971,1:Older,35,70,Thrill,Steel,Sit Down,35,2590,150,No,0,Arrow Dynamics,34.4658,-118.5538
Gold Striker,California's Great America,Santa Clara,California,West,2013,3:Newest,53.7,108.2,Extreme,Wood,Sit Down,103,3197,150,No,0,Great Coasters International,37.3512,-121.9523
Goliath,Six Flags Magic Mountain,Valencia,California,West,2000,3:Newest,85,235,Extreme,Steel,Sit Down,255,4500,180,No,0,Giovanola,34.4658,-118.5538
Goliath,Six Flags Over Georgia,Austell,Georgia,South,2006,3:Newest,70,200,Extreme,Steel,Sit Down,175,4480,210,No,0,Bolliger & Mabillard,33.8369,-84.6307
Goliath,Six Flags Great America,Gurnee,Illinois,Midwest,2014,3:Newest,72,165,Extreme,Wood,Sit Down,180,3100,117,Yes,2,Rocky Mountain Construction,42.3751,-87.9397
Goliath,Six Flags New England,Agawam,Massachusetts,Northeast,2012,3:Newest,65.6,191.6,Extreme,Steel,Inverted,177,1204,92,Yes,3,Vekoma,42.0695,-72.6148
Goliath,Six Flags Fiesta Texas,San Antonio,Texas,South,2008,3:Newest,50,105,Extreme,Steel,Inverted,80,2693,120,Yes,5,Bolliger & Mabillard,29.4684,-98.5289
Goofy's Sky School,Disney California Adventure Park,Anaheim,California,West,2001,3:Newest,27,50,Thrill,Steel,Sit Down,20,1214,90,No,0,Mack Rides GmbH & Co KG,33.845,-117.9522
Gotham City Gauntlet Escape from Arkham Asylum,Six Flags New England,Agawam,Massachusetts,Northeast,2011,3:Newest,28,49.3,Thrill,Steel,Sit Down,25,1213.9,92,No,0,Maurer Rides GmbH,42.0695,-72.6148
Grand Exposition Coaster,Silver Dollar City,Branson,Missouri,Midwest,2006,3:Newest,NA,13,Family,Steel,Sit Down,NA,262,NA,No,0,Zamperla,36.661,-93.2358
Great American Scream Machine,Six Flags Over Georgia,Austell,Georgia,South,1973,1:Older,57,105,Extreme,Wood,Sit Down,89,3450,120,No,0,"Philadelphia Toboggan Coasters, Inc.",33.8369,-84.6307
Great Bear,Hersheypark,Hershey,Pennsylvania,Northeast,1998,2:Recent,58,90,Extreme,Steel,Inverted,124,2800,175,Yes,4,Bolliger & Mabillard,40.2697,-76.6364
Great Chase,Six Flags America,Upper Marlboro,Maryland,South,1999,2:Recent,6,15,Family,Steel,Sit Down,10,262.5,66,No,0,Zamperla,38.8162,-76.7861
Great Chase,Six Flags New England,Agawam,Massachusetts,Northeast,1996,2:Recent,12,16,Family,Steel,Sit Down,13,337,25,No,0,E&F Miler Industries,42.0695,-72.6148
Great Lego Race,Legoland Florida,Winter Haven,Florida,South,2011,3:Newest,35,51.8,Thrill,Steel,Sit Down,49.8,1312.3,95,No,0,Mack Rides GmbH & Co KG,27.9873,-81.7625
Great Nor'Easter,Morey's Piers,Wildwood,New Jersey,Northeast,1995,2:Recent,55,115,Extreme,Steel,Inverted,95,2170,125,Yes,5,Vekoma,39,-74.8167
Great Pumpkin Coaster,Kings Island,Mason,Ohio,Midwest,1992,2:Recent,NA,8,Family,Steel,Sit Down,8,199.3,52,No,0,E&F Miler Industries,39.3601,-84.3099
Great Pumpkin Coaster,Kings Dominion,Doswell,Virginia,South,1997,2:Recent,NA,8,Family,Steel,Sit Down,8,205,52,No,0,E&F Miler Industries,37.8601,-77.4642
Great White,Morey's Piers,Wildwood,New Jersey,Northeast,1996,2:Recent,50,110,Extreme,Wood,Sit Down,100,3300,120,No,0,"Custom Coasters International, Inc.",39,-74.8167
Great White,SeaWorld San Antonio,San Antonio,Texas,South,1997,2:Recent,50,108,Extreme,Steel,Inverted,81.2,2562,120,Yes,5,Bolliger & Mabillard,29.4684,-98.5289
Green Lantern,Six Flags Great Adventure,Jackson,New Jersey,Northeast,2011,3:Newest,63,154,Extreme,Steel,Stand Up,144,4155,150,Yes,5,Bolliger & Mabillard,40.1052,-74.3528
Griffon,Busch Gardens Williamsburg,Williamsburg,Virginia,South,2007,3:Newest,71,205,Extreme,Steel,Sit Down,205,3108,180,Yes,2,Bolliger & Mabillard,37.3105,-76.7468
Grizzly,California's Great America,Santa Clara,California,West,1986,2:Recent,55,91,Extreme,Wood,Sit Down,88,3250,160,No,0,NA,37.3512,-121.9523
Grizzly,Kings Dominion,Doswell,Virginia,South,1982,2:Recent,50,87,Extreme,Wood,Sit Down,78,3150,150,No,0,NA,37.8601,-77.4642
Grover's Alpine Express,Busch Gardens Williamsburg,Williamsburg,Virginia,South,2009,3:Newest,26.5,24,Family,Steel,Sit Down,NA,600,NA,No,0,Zierer,37.3105,-76.7468
Hades 360,Mt. Olympus Water & Theme Park,Wisconsin Dells,Wisconsin,Midwest,2005,3:Newest,60,136,Extreme,Wood,Sit Down,140,4746,120,Yes,1,NA,43.6275,-89.771
Hagrid's Magical Creatures Motorbike Adventure,Universal Studios Islands of Adventure,Orlando,Florida,South,2019,3:Newest,50,65,Thrill,Steel,Sit Down,17,5053,165,No,0,Intamin Amusement Rides,28.5452,-81.3733
Half Pipe,Elitch Gardens,Denver,Colorado,West,2004,3:Newest,43.5,98.4,Thrill,Steel,Sit Down,80,229.7,120,No,0,Intamin Amusement Rides,39.7602,-104.9966
Hang Ten,Fantasy Island Amusement Park,Beach Haven,New Jersey,Northeast,2017,3:Newest,NA,14,Family,Steel,Sit Down,NA,180,NA,No,0,SBF Visa Group,39.6411,-74.1922
HangTime,Knott's Berry Farm,Buena Park,California,West,2018,3:Newest,57,150,Extreme,Steel,Sit Down,122,2198,129,Yes,5,Gerstlauer Amusement Rides GmbH,33.8463,-118.01220000000001
Harley Quinn Crazy Train,Six Flags Great Adventure,Jackson,New Jersey,Northeast,1999,2:Recent,22.4,26.3,Family,Steel,Sit Down,25,1181.1,65,No,0,Zierer,40.1052,-74.3528
Harry Potter and the Escape from Gringotts,Universal Studios Florida,Orlando,Florida,South,2014,3:Newest,30,NA,Thrill,Steel,Sit Down,27,2000,300,No,0,Intamin Amusement Rides,28.5452,-81.3733
High Roller,Valleyfair!,Shakopee,Minnesota,Midwest,1976,1:Older,50,70,Extreme,Wood,Sit Down,56,2982,105,No,0,Rauerhorst Corporation,44.7986,-93.5194
"Hollywood Rip, Ride, Rockit",Universal Studios Florida,Orlando,Florida,South,2009,3:Newest,65,167,Extreme,Steel,Sit Down,156,3800,175,No,0,Maurer Rides GmbH,28.5452,-81.3733
Hoosier Hurricane,Indiana Beach,Monticello,Indiana,Midwest,1994,2:Recent,51,77,Thrill,Wood,Sit Down,98,2891,136,No,0,"Custom Coasters International, Inc.",40.7792,-86.7495
Hoot N Holler,Six Flags Darien Lake,Darien Center,New York,Northeast,1981,2:Recent,16.2,10.8,Family,Steel,Sit Down,NA,197.5,NA,No,0,Zierer,42.896,-78.3857
Hornet,Wonderland Amusement Park,Amarillo,Texas,South,2009,3:Newest,NA,27.9,Thrill,Steel,Sit Down,NA,1148.3,90,No,0,Vekoma,35.206,-101.8396
Hot Tamales,Casino Pier,Seaside Heights,New Jersey,Northeast,2003,3:Newest,14.1,11.8,Family,Steel,Sit Down,NA,196.8,109,No,0,L&T Systems,39.9443,-74.0729
Howler,Holiday World,Santa Claus,Indiana,Midwest,1999,2:Recent,NA,13,Family,Steel,Sit Down,8,262.5,25,No,0,Zamperla,38.1176,-86.9286
Humpty Dumpty's Great Fall,Storybook Land,Aberdeen,South Dakota,Midwest,2015,3:Newest,NA,13,Family,Steel,Sit Down,NA,262.5,62,No,0,Zamperla,45.4762,-98.4104
Hurler,Carowinds,Charlotte,North Carolina,South,1994,2:Recent,50,83,Extreme,Wood,Sit Down,80,3157,120,No,0,"International Coasters, Inc.",35.26,-80.8042
Hurricane,Fun Spot America,Kissimmee,Florida,South,2019,3:Newest,55,101.5,Family,Steel,Sit Down,100,1300,120,No,0,E&F Miler Industries,28.3064,-81.4255
Hurricane,Race City PCB,Panama City Beach,Florida,South,2015,3:Newest,35,59,Thrill,Steel,Sit Down,35,1427,86,No,0,S.D.C.,30.3103,-85.9053
Hurricane,Western Playland,Sunland Park,New Mexico,West,2013,3:Newest,35,50,Thrill,Steel,Sit Down,30,1430,50,No,0,S.D.C.,31.7965,-106.58
Hydra the Revenge,Dorney Park & Wildwater Kingdom,Allentown,Pennsylvania,Northeast,2005,3:Newest,53,95,Extreme,Steel,Sit Down,105,3198,155,Yes,7,Bolliger & Mabillard,40.6027,-75.4692
Hydrus,Casino Pier,Seaside Heights,New Jersey,Northeast,2017,3:Newest,45,72,Extreme,Steel,Sit Down,70,1050,73,Yes,3,Gerstlauer Amusement Rides GmbH,39.9443,-74.0729
Ice Mountain Bobsled,Enchanted Forest,Turner,Oregon,West,1983,2:Recent,35,55,Family,Steel,Sit Down,NA,1600,150,No,0,Ascot Design,44.7952,-122.9422
Impulse,Knoebels Amusement Resort,Elysburg,Pennsylvania,Northeast,2015,3:Newest,55,98,Extreme,Steel,Sit Down,92,1975,103,Yes,4,Zierer,40.8594,-76.5508
Incredible Hulk,Universal Studios Islands of Adventure,Orlando,Florida,South,1999,2:Recent,67,110,Extreme,Steel,Sit Down,104.9,3700,135,Yes,7,Bolliger & Mabillard,28.5452,-81.3733
Incredible Spin Coaster,St. Louis's Incredible Pizza Company,St. Louis,Missouri,Midwest,2016,3:Newest,NA,14,Family,Steel,Sit Down,NA,190,NA,No,0,SBF Visa Group,38.6315,-90.1923
Incredible Spinning Roller Coaster,Incredible Pizza Company,Cordova,Tennessee,South,2015,3:Newest,NA,14,Family,Steel,Sit Down,NA,190,NA,No,0,SBF Visa Group,35.1385,-89.76
Incredicoaster,Disney California Adventure Park,Anaheim,California,West,2001,3:Newest,55,120,Extreme,Steel,Sit Down,108,6072,156,Yes,1,Intamin Amusement Rides,33.845,-117.9522
Intimidator,Carowinds,Charlotte,North Carolina,South,2010,3:Newest,75,232,Extreme,Steel,Sit Down,211,5316,213,No,0,Bolliger & Mabillard,35.26,-80.8042
Intimidator 305,Kings Dominion,Doswell,Virginia,South,2010,3:Newest,90,305,Extreme,Steel,Sit Down,300,5100,180,No,0,Intamin Amusement Rides,37.8601,-77.4642
InvadR,Busch Gardens Williamsburg,Williamsburg,Virginia,South,2017,3:Newest,48,74,Thrill,Wood,Sit Down,74,2118,148,No,0,Great Coasters International,37.3105,-76.7468
Invertigo,Kings Island,Mason,Ohio,Midwest,1999,2:Recent,50,131.3,Extreme,Steel,Inverted,138,1013.8,90,Yes,3,Vekoma,39.3601,-84.3099
Iron Dragon,Cedar Point,Sandusky,Ohio,Midwest,1987,2:Recent,40,76,Thrill,Steel,Suspended,60,2800,120,No,0,Arrow Dynamics,41.3991,-82.7244
Iron Rattler,Six Flags Fiesta Texas,San Antonio,Texas,South,2013,3:Newest,70,179,Extreme,Steel,Sit Down,171,3266,112,Yes,1,Rocky Mountain Construction,29.4684,-98.5289
Iron Shark,Galveston Island Historic Pleasure Pier,Galveston,Texas,South,2012,3:Newest,52,100,Extreme,Steel,Sit Down,97,1246,60,Yes,3,Gerstlauer Amusement Rides GmbH,29.3105,-94.7758
Jack Rabbit,Seabreeze,Rochester,New York,Northeast,1920,1:Older,50,60,Kiddie,Wood,Sit Down,75,2130,115,No,0,NA,43.286,-77.6843
Jack Rabbit,Kennywood,West Mifflin,Pennsylvania,Northeast,1920,1:Older,45,40,Thrill,Wood,Sit Down,70,2132,96,No,0,NA,40.3625,-79.8984
Jaguar!,Knott's Berry Farm,Buena Park,California,West,1995,2:Recent,35,65,Family,Steel,Sit Down,45,2602,120,No,0,Zierer,33.8463,-118.01220000000001
Jet Star 2,Lagoon,Farmington,Utah,West,1976,1:Older,45,44.3,Thrill,Steel,Sit Down,42,1919.3,90,No,0,Schwarzkopf,40.9691,-111.9073
Joker,Six Flags Discovery Kingdom,Vallejo,California,West,2016,3:Newest,53,100,Extreme,Steel,Sit Down,96,3200,101,Yes,3,Rocky Mountain Construction,38.1874,-122.2241
Joker,Six Flags Great America,Gurnee,Illinois,Midwest,2017,3:Newest,38,120,Extreme,Steel,Wing,54,1019,60,No,0,S&S Sansei Technologies,42.3751,-87.9397
Joker,Six Flags New England,Agawam,Massachusetts,Northeast,2017,3:Newest,38,120,Extreme,Steel,Wing,54,1019,60,No,0,S&S Sansei Technologies,42.0695,-72.6148
Joker,Six Flags Great Adventure,Jackson,New Jersey,Northeast,2016,3:Newest,38,120,Extreme,Steel,Wing,54,1019,60,No,0,S&S Sansei Technologies,40.1052,-74.3528
Joker,Six Flags Over Texas,Arlington,Texas,South,2017,3:Newest,38,120,Extreme,Steel,Wing,54,1019,60,No,0,S&S Sansei Technologies,32.6356,-97.1488
Joker Funhouse Coaster,Six Flags Over Georgia,Austell,Georgia,South,2004,3:Newest,30,28,Family,Steel,Sit Down,22,900,88,No,0,Chance Rides,33.8369,-84.6307
Joker's Jinx,Six Flags America,Upper Marlboro,Maryland,South,1999,2:Recent,60,78.8,Extreme,Steel,Sit Down,NA,2705,56,Yes,4,Premier Rides,38.8162,-76.7861
Journey to Atlantis,SeaWorld San Diego,San Diego,California,West,2004,3:Newest,42,100,Thrill,Steel,Sit Down,60,780,300,No,0,Mack Rides GmbH & Co KG,32.7241,-117.1709
Journey to Atlantis,SeaWorld Orlando,Orlando,Florida,South,1998,2:Recent,42,100,Thrill,Steel,Sit Down,60,780,300,No,0,Mack Rides GmbH & Co KG,28.5452,-81.3733
Journey to Atlantis,SeaWorld San Antonio,San Antonio,Texas,South,2007,3:Newest,47,100,Thrill,Steel,Sit Down,60,780,210,No,0,Mack Rides GmbH & Co KG,29.4684,-98.5289
Joust,Dutch Wonderland,Lancaster,Pennsylvania,Northeast,1998,2:Recent,NA,17,Family,Steel,Sit Down,NA,350,60,No,0,Chance Rides,40.0766,-76.3107
Judge Roy Scream,Six Flags Over Texas,Arlington,Texas,South,1980,2:Recent,45,71,Thrill,Wood,Sit Down,65,2670,90,No,0,NA,32.6356,-97.1488
Kentucky Flyer,Kentucky Kingdom,Louisville,Kentucky,South,2019,3:Newest,35,47,Family,Wood,Sit Down,44,1288,NA,No,0,Gravitykraft Corporation,38.189,-85.6768
Kentucky Rumbler,Beech Bend,Bowling Green,Kentucky,South,2006,3:Newest,47.3,96,Thrill,Wood,Sit Down,80.2,2827,90,No,0,Great Coasters International,37.0174,-86.4518
Kiddie Coaster,Lakeside Amusement Park,Denver,Colorado,West,2001,3:Newest,NA,18,Kiddie,Steel,Sit Down,10,300,73,No,0,Miler Manufacturing,39.7602,-104.9966
Kiddie Coaster,Lake Compounce,Bristol,Connecticut,Northeast,1997,2:Recent,NA,18,Kiddie,Steel,Sit Down,10,300,73,No,0,Molina & Son's,41.6812,-72.9396
Kiddie Coaster,Fun Spot America,Kissimmee,Florida,South,2012,3:Newest,NA,11.5,Family,Steel,Sit Down,NA,NA,68,No,0,E&F Miler Industries,28.3064,-81.4255
Kiddie Coaster,Fun Spot America Atlanta,Fayetteville,Georgia,South,2019,3:Newest,NA,18,Family,Steel,Sit Down,10,300,73,No,0,E&F Miler Industries,33.4679,-84.4806
Kiddie Coaster,Family Kingdom Amusement Park,Myrtle Beach,South Carolina,South,1994,2:Recent,NA,18,Family,Steel,Sit Down,10,300,73,No,0,D.P.V. Rides,33.7716,-78.7847
Kiddy Coaster,Playland Park,Rye,New York,Northeast,1928,1:Older,NA,18,Family,Wood,Sit Down,10,300,73,No,0,NA,40.9789,-73.6933
Kiddy Hawk,Carowinds,Charlotte,North Carolina,South,2003,3:Newest,26,48.6,Family,Steel,Inverted,NA,1122.1,90,No,0,Vekoma,35.26,-80.8042
Kingda Ka,Six Flags Great Adventure,Jackson,New Jersey,Northeast,2005,3:Newest,128,456,Extreme,Steel,Sit Down,418,3118,28,No,0,Intamin Amusement Rides,40.1052,-74.3528
Kingdom Coaster,Dutch Wonderland,Lancaster,Pennsylvania,Northeast,1992,2:Recent,40,55,Thrill,Wood,Sit Down,50,2000,90,No,0,"Custom Coasters International, Inc.",40.0766,-76.3107
Klondike Gold Rusher,Wild Waves Theme & Water Park,Federal Way,Washington,West,2002,3:Newest,35,70,Thrill,Steel,Sit Down,35,2590,54,No,0,Zamperla,47.3077,-122.3158
Kombo,Indianapolis Zoo,Indianapolis,Indiana,Midwest,2001,3:Newest,19.9,19.7,Family,Steel,Sit Down,NA,652.9,NA,No,0,Zierer,39.7751,-86.1322
Kong,Six Flags Discovery Kingdom,Vallejo,California,West,1998,2:Recent,49.7,109.3,Extreme,Steel,Inverted,95,2260.5,96,Yes,5,Vekoma,38.1874,-122.2241
Kozmo's Kurves,Knoebels Amusement Resort,Elysburg,Pennsylvania,Northeast,2009,3:Newest,NA,17,Family,Steel,Sit Down,NA,NA,108,No,0,E&F Miler Industries,40.8594,-76.5508
Kraken,SeaWorld Orlando,Orlando,Florida,South,2000,3:Newest,65,149,Extreme,Steel,Sit Down,144,4177,122,Yes,7,Bolliger & Mabillard,28.5452,-81.3733
Krazy Koaster,Silverwood Theme Park,Athol,Idaho,West,2014,3:Newest,NA,14,Family,Steel,Sit Down,NA,190,NA,No,0,SBF Visa Group,47.9224,-116.686
Kumba,Busch Gardens Tampa,Tampa,Florida,South,1993,2:Recent,60,143,Extreme,Steel,Sit Down,135,3978,174,Yes,7,Bolliger & Mabillard,27.9961,-82.582
La Vibora,Six Flags Over Texas,Arlington,Texas,South,1986,2:Recent,32,60,Thrill,Steel,Bobsled,NA,1490,90,No,0,Intamin Amusement Rides,32.6356,-97.1488
Ladybug Roller Coaster,Carousel Gardens Amusement Park,New Orleans,Louisiana,South,2015,3:Newest,20,30,Family,Steel,Sit Down,NA,NA,NA,No,0,Zierer,29.9583,-90.077
Laff Trakk,Hersheypark,Hershey,Pennsylvania,Northeast,2015,3:Newest,40,50,Thrill,Steel,Sit Down,50,1400,70,No,0,Maurer Rides GmbH,40.2697,-76.6364
Legend,Holiday World,Santa Claus,Indiana,Midwest,2000,3:Newest,59,99,Extreme,Wood,Sit Down,113,4042,120,No,0,"Custom Coasters International, Inc.",38.1176,-86.9286
Legend,Arnolds Park,Arnolds Park,Iowa,Midwest,1930,1:Older,50,63,Thrill,Wood,Sit Down,63,2000,72,No,0,"Outdoor Amusement Enterprise, Inc.",43.3669,-95.1358
Lightning Racer,Hersheypark,Hershey,Pennsylvania,Northeast,2000,3:Newest,51.1,91.6,Extreme,Wood,Sit Down,90,3393,140,No,0,Great Coasters International,40.2697,-76.6364
Lightning Rod,Dollywood,Pigeon Forge,Tennessee,South,2016,3:Newest,73,207,Extreme,Wood,Sit Down,165,3800,147,No,0,Rocky Mountain Construction,35.786,-83.5622
Lightning Run,Kentucky Kingdom,Louisville,Kentucky,South,2014,3:Newest,55,100,Extreme,Steel,Sit Down,100,2500,120,No,0,Chance Rides,38.189,-85.6768
Lil' Dipper,Camden Park,Huntington,West Virginia,South,1967,1:Older,NA,17,Family,Wood,Sit Down,8,450,65,No,0,National Amusement Device Company,38.3717,-82.4129
Lil Dipper Roller Coaster,Sluggers & Putters,Canal Fulton,Ohio,Midwest,2015,3:Newest,7,12,Kiddie,Steel,Sit Down,6,280,50,No,0,Allan Herschell Company,40.8898,-81.5976
Lil' Phantom,Kennywood,West Mifflin,Pennsylvania,Northeast,1996,2:Recent,15,7,Kiddie,Steel,Sit Down,6,154,30,No,0,Molina & Son's,40.3625,-79.8984
Little Coaster,Arnolds Park,Arnolds Park,Iowa,Midwest,2002,3:Newest,7,12,Kiddie,Steel,Sit Down,6,280,50,No,0,Miler Manufacturing,43.3669,-95.1358
Little Dipper,Castle Amusement Park,Riverside,California,West,2002,3:Newest,7,12,Kiddie,Steel,Sit Down,6,280,50,No,0,Miler Manufacturing,33.995,-117.3732
Little Dipper,Quassy Amusement Park,Middlebury,Connecticut,Northeast,1952,1:Older,7,12,Kiddie,Steel,Sit Down,6,280,50,No,0,Allan Herschell Company,41.5283,-73.1165
Little Dipper,Six Flags Great America,Gurnee,Illinois,Midwest,2010,3:Newest,25,28,Family,Wood,Sit Down,20,700,50,No,0,"Philadelphia Toboggan Coasters, Inc.",42.3751,-87.9397
Little Dipper,Cedar Valley's Wild Frontier Fun Park,Comins,Michigan,Midwest,2017,3:Newest,7,12,Kiddie,Steel,Sit Down,6,280,50,No,0,Allan Herschell Company,44.7564,-84.0464
Little Dipper,Midway State Park,Bemus Point,New York,Northeast,1956,1:Older,7,12,Family,Steel,Sit Down,6,280,50,No,0,Allan Herschell Company,42.1617,-79.3917
Little Dipper,Memphis Kiddie Park,Cleveland,Ohio,Midwest,1952,1:Older,7,12,Kiddie,Steel,Sit Down,6,280,50,No,0,Allan Herschell Company,41.4894,-81.6675
Little Dipper,Tuscora Park,New Philadelphia,Ohio,Midwest,1990,2:Recent,7,12,Kiddie,Steel,Sit Down,6,280,50,No,0,Allan Herschell Company,40.4898,-81.4457
Little Dipper,Conneaut Lake Park,Conneaut Lake,Pennsylvania,Northeast,1950,1:Older,7,12,Kiddie,Steel,Sit Down,6,280,50,No,0,Allan Herschell Company,41.6162,-80.3068
Little Dipper,Little Amerricka,Marshall,Wisconsin,Midwest,1993,2:Recent,7,12,Kiddie,Steel,Sit Down,6,280,50,No,0,Allan Herschell Company,43.1739,-89.0913
Little Fire Ball,Kiddie Park,Bartlesville,Oklahoma,South,1953,1:Older,8,12,Family,Steel,Sit Down,NA,280,NA,No,0,Allan Herschell Company,36.7283,-96.0676
Little Leaper,Lakemont Park,Altoona,Pennsylvania,Northeast,1993,2:Recent,NA,15,Kiddie,Steel,Sit Down,6,280,27,No,0,Allan Herschell Company,40.4894,-78.3499
Little Titans,Mt. Olympus Water & Theme Park,Wisconsin Dells,Wisconsin,Midwest,2000,3:Newest,NA,NA,Family,Steel,Sit Down,9,NA,72,No,0,E&F Miler Industries,43.6275,-89.771
Loch Ness Monster,Busch Gardens Williamsburg,Williamsburg,Virginia,South,1978,1:Older,60,130,Extreme,Steel,Sit Down,114.2,3240,130,Yes,2,Arrow Dynamics,37.3105,-76.7468
Log Roller Coaster,Yellowstone Bear World,Rexburg,Idaho,West,2016,3:Newest,NA,14,Family,Steel,Sit Down,NA,190,NA,No,0,SBF Visa Group,43.7913,-111.7714
Loop Roller Coaster,CJ Barrymore's Family Entertainment Center,Clinton Township,Michigan,Midwest,2016,3:Newest,NA,36.1,Extreme,Steel,Sit Down,31.8,1197.5,59,Yes,1,Pinfari,42.5512,-82.9167
Looping Star,Jolly Roger at the Pier,Ocean City,Maryland,South,1996,2:Recent,48,36.1,Extreme,Steel,Sit Down,32,1197.5,77,Yes,1,Pinfari,38.3505,-75.1289
Looping Star,Keansburg Amusement Park,Keansburg,New Jersey,Northeast,2015,3:Newest,48,36.1,Extreme,Steel,Sit Down,32,1197.5,77,Yes,1,Pinfari,40.4381,-74.1279
Lost Coaster of Superstition Mountain,Indiana Beach,Monticello,Indiana,Midwest,2002,3:Newest,20,35,Thrill,Wood,Sit Down,35,1400,141,No,0,"Custom Coasters International, Inc.",40.7792,-86.7495
Mad Mouse,Michigan's Adventure,Muskegon,Michigan,Midwest,1999,2:Recent,35,68,Thrill,Steel,Sit Down,30,1268,90,No,0,Arrow Dynamics,43.2377,-86.2542
Mad Mouse,Valleyfair!,Shakopee,Minnesota,Midwest,1999,2:Recent,30,50,Thrill,Steel,Sit Down,30,1257,90,No,0,Arrow Dynamics,44.7986,-93.5194
Magic Flyer,Six Flags Magic Mountain,Valencia,California,West,1971,1:Older,10,10,Kiddie,Steel,Sit Down,8,350,NA,No,0,Bradley and Kaye,34.4658,-118.5538
Magnum XL-200,Cedar Point,Sandusky,Ohio,Midwest,1989,2:Recent,72,205,Extreme,Steel,Sit Down,194.7,5106,120,No,0,Arrow Dynamics,41.3991,-82.7244
Mako,SeaWorld Orlando,Orlando,Florida,South,2016,3:Newest,73,200,Extreme,Steel,Sit Down,200,4760,134,No,0,Bolliger & Mabillard,28.5452,-81.3733
Mamba,Worlds of Fun,Kansas City,Missouri,Midwest,1998,2:Recent,75,205,Extreme,Steel,Sit Down,205,5600,180,No,0,Morgan,39.1024,-94.5986
Manta,SeaWorld San Diego,San Diego,California,West,2012,3:Newest,43,30,Extreme,Steel,Sit Down,54,2800,120,No,0,Mack Rides GmbH & Co KG,32.7241,-117.1709
Manta,SeaWorld Orlando,Orlando,Florida,South,2009,3:Newest,56,140,Extreme,Steel,Flying,113,3359,155,Yes,4,Bolliger & Mabillard,28.5452,-81.3733
Matterhorn Bobsleds,Disneyland,Anaheim,California,West,1959,1:Older,NA,80,Thrill,Steel,Sit Down,NA,2037,127,No,0,Arrow Dynamics,33.845,-117.9522
Maverick,Cedar Point,Sandusky,Ohio,Midwest,2007,3:Newest,70,105,Extreme,Steel,Sit Down,100,4450,150,Yes,2,Intamin Amusement Rides,41.3991,-82.7244
Maxx Force,Six Flags Great America,Gurnee,Illinois,Midwest,2019,3:Newest,78,175,Extreme,Steel,Sit Down,172,1800,23,Yes,5,S&S Sansei Technologies,42.3751,-87.9397
Medusa,Six Flags Discovery Kingdom,Vallejo,California,West,2000,3:Newest,65,150,Extreme,Steel,Sit Down,150,3937,195,Yes,7,Bolliger & Mabillard,38.1874,-122.2241
Merlin's Mayhem,Dutch Wonderland,Lancaster,Pennsylvania,Northeast,2018,3:Newest,38,60,Family,Steel,Inverted,NA,1300,51,No,0,S&S Sansei Technologies,40.0766,-76.3107
Merlin's Revenge,Castle Amusement Park,Riverside,California,West,2001,3:Newest,21.7,27.9,Family,Steel,Sit Down,20,679.2,44,No,0,Vekoma,33.995,-117.3732
Meteor,Little Amerricka,Marshall,Wisconsin,Midwest,2007,3:Newest,20,28,Family,Wood,Sit Down,20,900,50,No,0,"Philadelphia Toboggan Coasters, Inc.",43.1739,-89.0913
Millennium Force,Cedar Point,Sandusky,Ohio,Midwest,2000,3:Newest,93,310,Extreme,Steel,Sit Down,300,6595,140,No,0,Intamin Amusement Rides,41.3991,-82.7244
Mind Bender,Six Flags Over Georgia,Austell,Georgia,South,1978,1:Older,50,97,Extreme,Steel,Sit Down,80,3253,153,Yes,2,Schwarzkopf,33.8369,-84.6307
Mind Eraser,Elitch Gardens,Denver,Colorado,West,1997,2:Recent,49.7,109.3,Extreme,Steel,Inverted,86,2260.5,96,Yes,5,Vekoma,39.7602,-104.9966
Mind Eraser,Six Flags America,Upper Marlboro,Maryland,South,1995,2:Recent,49.7,109.3,Extreme,Steel,Inverted,95,2260.5,96,Yes,5,Vekoma,38.8162,-76.7861
Mind Eraser,Six Flags Darien Lake,Darien Center,New York,Northeast,1997,2:Recent,49.7,109.3,Extreme,Steel,Inverted,86,2260.5,85,Yes,5,Vekoma,42.896,-78.3857
Mine Blower,Fun Spot America,Kissimmee,Florida,South,2017,3:Newest,48.5,83,Extreme,Wood,Sit Down,80.5,2290,101,Yes,1,Gravitykraft Corporation,28.3064,-81.4255
Miner Mike,Sam's Fun City,Pensacola,Florida,South,2000,3:Newest,8,8,Kiddie,Steel,Sit Down,4,NA,20,No,0,Wisdom Rides,30.4288,-87.2225
Miner Mike,Haunted Trails,Burbank,Illinois,Midwest,1994,2:Recent,8,8,Kiddie,Steel,Sit Down,4,NA,20,No,0,Wisdom Rides,41.7339,-87.7795
Miner Mike,Harvest Tyme Pumpkin Patch,Lowell,Indiana,Midwest,2014,3:Newest,8,8,Kiddie,Steel,Sit Down,4,NA,20,No,0,Wisdom Rides,41.2801,-87.4113
Miner Mike,Funtasticks,Pineville,North Carolina,South,2018,3:Newest,8,8,Kiddie,Steel,Sit Down,4,NA,20,No,0,Wisdom Rides,35.0785,-80.8911
Miner Mike,Gatti's Pizza,Abilene,Texas,South,2013,3:Newest,8,8,Kiddie,Steel,Sit Down,4,NA,20,No,0,Wisdom Rides,32.5765,-99.6653
Miner Mike,Knucklehead's Bowling & Family Entertainment,Wisconsin Dells,Wisconsin,Midwest,2007,3:Newest,8,8,Family,Steel,Sit Down,4,NA,20,No,0,Wisdom Rides,43.6275,-89.771
Mini Mine Train,Six Flags Over Texas,Arlington,Texas,South,1969,1:Older,20,20,Family,Steel,Sit Down,NA,910,70,No,0,Arrow Dynamics,32.6356,-97.1488
Mini Mouse,Victorian Gardens,New York,New York,Northeast,2003,3:Newest,NA,8,Family,Steel,Sit Down,NA,262,50,No,0,Zamperla,40.6886,-74.0182
Monster,Adventureland,Altoona,Iowa,Midwest,2016,3:Newest,65,133,Extreme,Steel,Sit Down,128,2500,120,Yes,5,Gerstlauer Amusement Rides GmbH,41.651,-93.4685
Montezooma's Revenge,Knott's Berry Farm,Buena Park,California,West,1978,1:Older,55,148,Extreme,Steel,Sit Down,137,800,36,Yes,1,Schwarzkopf,33.8463,-118.01220000000001
Montu,Busch Gardens Tampa,Tampa,Florida,South,1996,2:Recent,60,150,Extreme,Steel,Inverted,128,3983,180,Yes,7,Bolliger & Mabillard,27.9961,-82.582
Moto Coaster,Six Flags Darien Lake,Darien Center,New York,Northeast,2008,3:Newest,37.3,42.7,Thrill,Steel,Sit Down,NA,1194.2,NA,No,0,Zamperla,42.896,-78.3857
Mr. Freeze Reverse Blast,Six Flags St. Louis,Eureka,Missouri,Midwest,1998,2:Recent,70,218,Extreme,Steel,Sit Down,194,1300,90,Yes,1,Premier Rides,38.5128,-90.6306
Mr. Freeze Reverse Blast,Six Flags Over Texas,Arlington,Texas,South,1998,2:Recent,70,218,Extreme,Steel,Sit Down,194,1300,90,Yes,1,Premier Rides,32.6356,-97.1488
Myrtle Turtle,Pavilion Park,Myrtle Beach,South Carolina,South,2014,3:Newest,NA,14,Family,Steel,Sit Down,0,190,NA,No,0,SBF Visa Group,33.7716,-78.7847
Mystery Mine,Dollywood,Pigeon Forge,Tennessee,South,2007,3:Newest,43.5,85.3,Extreme,Steel,Sit Down,75.2,1804.5,150,Yes,2,Gerstlauer Amusement Rides GmbH,35.786,-83.5622
Mystic Timbers,Kings Island,Mason,Ohio,Midwest,2017,3:Newest,53,109.2,Extreme,Wood,Sit Down,98,3265,120,No,0,Great Coasters International,39.3601,-84.3099
New Mexico Rattler,Cliff's Amusement Park,Albuquerque,New Mexico,West,2002,3:Newest,47,80,Thrill,Wood,Sit Down,75,2750,75,No,0,"Custom Coasters International, Inc.",35.1996,-106.6448
New Revolution,Six Flags Magic Mountain,Valencia,California,West,1976,1:Older,55,113,Extreme,Steel,Sit Down,72,3457,132,Yes,1,Schwarzkopf,34.4658,-118.5538
New Texas Giant,Six Flags Over Texas,Arlington,Texas,South,2011,3:Newest,65,153,Extreme,Steel,Sit Down,147,4200,177,No,0,Rocky Mountain Construction,32.6356,-97.1488
Nickelodeon Slime Streak,Nickelodeon Universe Theme Park,East Rutherford,New Jersey,Northeast,2019,3:Newest,37,70,Family,Steel,Sit Down,NA,1263,70,No,0,Chance Rides,40.8284,-74.0939
Nighthawk,Carowinds,Charlotte,North Carolina,South,2004,3:Newest,51,115,Extreme,Steel,Flying,100,2766,110,Yes,5,Vekoma,35.26,-80.8042
Ninja,Six Flags Magic Mountain,Valencia,California,West,1988,2:Recent,55,85,Thrill,Steel,Suspended,75,2700,90,No,0,Arrow Dynamics,34.4658,-118.5538
Ninja,Six Flags St. Louis,Eureka,Missouri,Midwest,1989,2:Recent,54.7,108.3,Extreme,Steel,Sit Down,69,2430,120,Yes,4,Vekoma,38.5128,-90.6306
Nitro,Six Flags Great Adventure,Jackson,New Jersey,Northeast,2001,3:Newest,80,230,Extreme,Steel,Sit Down,215,5394,140,No,0,Bolliger & Mabillard,40.1052,-74.3528
Nuclear Rush,Scene75 Entertainment Center,Dublin,Ohio,Midwest,2019,3:Newest,NA,14,Family,Steel,Sit Down,6,190,104,No,0,SBF Visa Group,40.0975,-83.1501
Orient Express,Grady's Family Fun Park,Bloomington,Illinois,Midwest,2019,3:Newest,10,11,Family,Steel,Sit Down,8,280,344,No,0,Wisdom Rides,40.4768,-88.993
Orient Express,Palace Playland,Old Orchard Beach,Maine,Northeast,2000,3:Newest,10,11,Family,Steel,Sit Down,8,280,164,No,0,Wisdom Rides,43.524,-70.3907
Orient Express,Arzo Sports & Fun Park,Alpena,Michigan,Midwest,2015,3:Newest,10,11,Family,Steel,Sit Down,8,280,284,No,0,Wisdom Rides,45.0331,-83.4951
Orient Express,Funworld Game Center,Nashua,New Hampshire,Northeast,2005,3:Newest,10,11,Kiddie,Steel,Sit Down,8,280,224,No,0,Wisdom Rides,42.7413,-71.4588
Oscar's Wacky Taxi,Sesame Place,Langhorne,Pennsylvania,Northeast,2018,3:Newest,34,43,Family,Wood,Sit Down,39,1205,117,No,0,Gravitykraft Corporation,40.18,-74.9121
Outlaw,Adventureland,Altoona,Iowa,Midwest,1993,2:Recent,48,70,Thrill,Wood,Sit Down,67,2800,120,No,0,"Custom Coasters International, Inc.",41.651,-93.4685
Outlaw Run,Silver Dollar City,Branson,Missouri,Midwest,2013,3:Newest,68,107,Extreme,Wood,Sit Down,162,2937,87,Yes,3,Rocky Mountain Construction,36.661,-93.2358
Outpost Express,Wild Adventures,Valdosta,Georgia,South,2000,3:Newest,21.7,27.9,Family,Steel,Sit Down,NA,679.2,44,No,0,Vekoma,30.7539,-83.3321
Pacific Fruit Express,Happy Hollow Park and Zoo,San Jose,California,West,2010,3:Newest,NA,16,Family,Steel,Sit Down,NA,NA,56,No,0,E&F Miler Industries,37.1894,-121.7053
Pandemonium,Six Flags New England,Agawam,Massachusetts,Northeast,2005,3:Newest,31,45,Thrill,Steel,Sit Down,27,1345,60,No,0,Gerstlauer Amusement Rides GmbH,42.0695,-72.6148
Pandemonium,Six Flags St. Louis,Eureka,Missouri,Midwest,2007,3:Newest,31,48,Thrill,Steel,Sit Down,27,1351,96,No,0,Gerstlauer Amusement Rides GmbH,38.5128,-90.6306
Pandemonium,Six Flags Over Texas,Arlington,Texas,South,2008,3:Newest,31,53,Thrill,Steel,Sit Down,27,1351,111,No,0,Gerstlauer Amusement Rides GmbH,32.6356,-97.1488
Pandemonium,Six Flags Fiesta Texas,San Antonio,Texas,South,2007,3:Newest,31,48,Thrill,Steel,Sit Down,27,1351,96,No,0,Gerstlauer Amusement Rides GmbH,29.4684,-98.5289
Patriot,Castles n' Coasters,Phoenix,Arizona,West,1992,2:Recent,25,35,Family,Steel,Sit Down,30,700,164,No,0,Hopkins,33.704,-112.3518
Patriot,California's Great America,Santa Clara,California,West,1991,2:Recent,45,91,Extreme,Steel,Sit Down,80,1920,134,Yes,2,Bolliger & Mabillard,37.3512,-121.9523
Patriot,Worlds of Fun,Kansas City,Missouri,Midwest,2006,3:Newest,60,149,Extreme,Steel,Inverted,123,3081,138,Yes,4,Bolliger & Mabillard,39.1024,-94.5986
Pegasus,Mt. Olympus Water & Theme Park,Wisconsin Dells,Wisconsin,Midwest,1996,2:Recent,30,60,Family,Wood,Sit Down,45,1600,73,No,0,"Custom Coasters International, Inc.",43.6275,-89.771
Pepsi Orange Streak,Nickelodeon Universe,Bloomington,Minnesota,Midwest,1992,2:Recent,30,60,Family,Steel,Sit Down,40,2680,150,No,0,Zierer,43.8666,-93.051
Phantom's Revenge,Kennywood,West Mifflin,Pennsylvania,Northeast,1991,2:Recent,85,160,Extreme,Steel,Sit Down,228,3200,117,No,0,Arrow Dynamics,40.3625,-79.8984
Phobia Phear Coaster,Lake Compounce,Bristol,Connecticut,Northeast,2016,3:Newest,62,150,Extreme,Steel,Sit Down,135,863,NA,Yes,1,Premier Rides,41.6812,-72.9396
Phoenix,Adventureland,Altoona,Iowa,Midwest,2019,3:Newest,37.3,50.9,Thrill,Steel,Sit Down,72,1410.8,NA,No,0,Maurer Rides GmbH,41.651,-93.4685
Phoenix,Knoebels Amusement Resort,Elysburg,Pennsylvania,Northeast,1985,2:Recent,45,78,Thrill,Wood,Sit Down,72,3200,120,No,0,"Philadelphia Toboggan Coasters, Inc.",40.8594,-76.5508
Pirates Hideaway,Casino Pier,Seaside Heights,New Jersey,Northeast,2007,3:Newest,NA,17,Thrill,Steel,Sit Down,NA,NA,79,No,0,Wisdom Rides,39.9443,-74.0729
Polar Coaster,Story Land,Glen,New Hampshire,Northeast,1987,2:Recent,25,20,Family,Steel,Sit Down,NA,1170,95,No,0,Hopkins,44.1101,-71.1826
Poltergeist,Six Flags Fiesta Texas,San Antonio,Texas,South,1999,2:Recent,60,78.8,Extreme,Steel,Sit Down,74,2705,75,Yes,4,Premier Rides,29.4684,-98.5289
Pony Express,Knott's Berry Farm,Buena Park,California,West,2008,3:Newest,38,44.3,Thrill,Steel,Sit Down,NA,1250,NA,No,0,Zamperla,33.8463,-118.01220000000001
Possessed,Dorney Park & Wildwater Kingdom,Allentown,Pennsylvania,Northeast,2008,3:Newest,70,180,Extreme,Steel,Inverted,165,704,60,No,0,Intamin Amusement Rides,40.6027,-75.4692
Powder Keg: A Blast in the Wilderness,Silver Dollar City,Branson,Missouri,Midwest,1999,2:Recent,64,98,Extreme,Steel,Sit Down,110,3506,173,No,0,NA,36.661,-93.2358
Predator,Six Flags Darien Lake,Darien Center,New York,Northeast,1990,2:Recent,50,95,Extreme,Wood,Sit Down,87,3400,110,No,0,Dinn Corporation,42.896,-78.3857
Primeval Whirl,Walt Disney World - Disney's Animal Kingdom,Lake Buena Vista,Florida,South,2002,3:Newest,29.1,42.7,Thrill,Steel,Sit Down,30,1377.9,90,No,0,Reverchon,28.3937,-81.529
Primeval Whirl,Walt Disney World - Disney's Animal Kingdom,Lake Buena Vista,Florida,South,2002,3:Newest,29.1,42.7,Thrill,Steel,Sit Down,30,1377.9,90,No,0,Reverchon,28.3937,-81.529
Prowler,Worlds of Fun,Kansas City,Missouri,Midwest,2009,3:Newest,51.2,102.3,Extreme,Wood,Sit Down,84.9,3074,150,No,0,Great Coasters International,39.1024,-94.5986
Psycho Mouse,California's Great America,Santa Clara,California,West,2001,3:Newest,30,58,Thrill,Steel,Sit Down,NA,1257,90,No,0,Arrow Dynamics,37.3512,-121.9523
Pteranodon Flyers,Universal Studios Islands of Adventure,Orlando,Florida,South,1999,2:Recent,NA,65,Family,Steel,Suspended,NA,800,88,No,0,NA,28.5452,-81.3733
Puff the Little Fire Dragon,Lagoon,Farmington,Utah,West,1985,2:Recent,16.2,10.8,Kiddie,Steel,Sit Down,NA,197.5,NA,No,0,Zierer,40.9691,-111.9073
Python,Spring Park,Tuscumbia,Alabama,South,2005,3:Newest,10,13,Family,Steel,Sit Down,12,300,48,No,0,E&F Miler Industries,34.666,-87.7492
Python Pit,Fast Lane Entertainment,Lowell,Arkansas,South,2016,3:Newest,15.7,11.5,Family,Steel,Sit Down,10,240,NA,No,0,E&F Miler Industries,36.2554,-94.1308
Python Pit,Go Bananas,Norridge,Illinois,Midwest,1997,2:Recent,15.7,11.5,Family,Steel,Sit Down,10,300,NA,No,0,E&F Miler Industries,41.9743,-87.8271
Python Pit,Jeepers,Sterling Heights,Michigan,Midwest,2016,3:Newest,10,13,Family,Steel,Sit Down,13,300,NA,No,0,E&F Miler Industries,42.5644,-83.0685
Python Pit,PowerPlay Family Entertainment Center,Kansas City,Missouri,Midwest,2014,3:Newest,10,11.5,Family,Steel,Sit Down,10,300,48,No,0,E&F Miler Industries,39.1024,-94.5986
Python Pit,Go-Karts Plus,Williamsburg,Virginia,South,2007,3:Newest,8,13,Family,Steel,Sit Down,12,300,48,No,0,E&F Miler Industries,37.3105,-76.7468
Quicksilver Express,Gilroy Gardens Family Theme Park,Gilroy,California,West,2001,3:Newest,32,38,Thrill,Steel,Sit Down,NA,2139,95,No,0,Morgan,37.0233,-121.4938
Racer,Kings Island,Mason,Ohio,Midwest,1972,1:Older,53,88,Extreme,Wood,Sit Down,83,3415,120,No,0,"Philadelphia Toboggan Coasters, Inc.",39.3601,-84.3099
Racer,Kennywood,West Mifflin,Pennsylvania,Northeast,1927,1:Older,40,72.5,Thrill,Wood,Sit Down,50,4500,92,No,0,NA,40.3625,-79.8984
Racer 75,Kings Dominion,Doswell,Virginia,South,1975,1:Older,56,85,Extreme,Wood,Sit Down,81,3368.5,135,No,0,"Philadelphia Toboggan Coasters, Inc.",37.8601,-77.4642
Ragin' Cajun,Blue Bayou Dixie Landin',Baton Rouge,Louisiana,South,2001,3:Newest,47,125,Extreme,Steel,Sit Down,125,935,108,Yes,3,Vekoma,30.4492,-91.1856
Ragin' Cajun,Six Flags America,Upper Marlboro,Maryland,South,2014,3:Newest,29.1,42.7,Thrill,Steel,Sit Down,30,1377.9,90,No,0,Zamperla,38.8162,-76.7861
Raging Bull,Six Flags Great America,Gurnee,Illinois,Midwest,1999,2:Recent,73,202,Extreme,Steel,Sit Down,208,5057,150,No,0,Bolliger & Mabillard,42.3751,-87.9397
RailBlazer,California's Great America,Santa Clara,California,West,2018,3:Newest,52,106,Extreme,Steel,Sit Down,102,1800,60,Yes,3,Rocky Mountain Construction,37.3512,-121.9523
Rampage,Alabama Adventure & Splash Adventure,Bessemer,Alabama,South,1998,2:Recent,56,120,Extreme,Wood,Sit Down,102,3500,149,No,0,"Custom Coasters International, Inc.",33.4024,-86.9518
Raptor,Cedar Point,Sandusky,Ohio,Midwest,1994,2:Recent,57,137,Extreme,Steel,Inverted,119,3790,136,Yes,6,Bolliger & Mabillard,41.3991,-82.7244
Rattlesnake Coaster,Adventureland,Farmingdale,New York,Northeast,2000,3:Newest,19.9,19.7,Family,Steel,Sit Down,NA,652.9,NA,No,0,Zierer,40.7327,-73.4328
Raven,Holiday World,Santa Claus,Indiana,Midwest,1995,2:Recent,48,80,Extreme,Wood,Sit Down,85,2800,90,No,0,"Custom Coasters International, Inc.",38.1176,-86.9286
Ravine Flyer 3,Waldameer,Erie,Pennsylvania,Northeast,2000,3:Newest,NA,15,Family,Steel,Sit Down,14,NA,50,No,0,E&F Miler Industries,42.1213,-80.0889
Ravine Flyer II,Waldameer,Erie,Pennsylvania,Northeast,2008,3:Newest,57,80,Extreme,Wood,Sit Down,118,2900,90,No,0,NA,42.1213,-80.0889
Renegade,Valleyfair!,Shakopee,Minnesota,Midwest,2007,3:Newest,51.3,97.5,Extreme,Wood,Sit Down,91.4,3113,120,No,0,Great Coasters International,44.7986,-93.5194
Revenge of the Mummy,Universal Studios Florida,Orlando,Florida,South,2004,3:Newest,40,44.4,Extreme,Steel,Sit Down,25,2200,177,No,0,Premier Rides,28.5452,-81.3733
Revenge of the Mummy the Ride,Universal Studios Hollywood,Universal City,California,West,2004,3:Newest,40,44.4,Extreme,Steel,Sit Down,25,1906,120,No,0,Premier Rides,34.1389,-118.3534
Rewind Racers,Adventure City,Anaheim,California,West,2015,3:Newest,31.1,39.3,Family,Steel,Sit Down,NA,593.8,NA,No,0,Gerstlauer Amusement Rides GmbH,33.845,-117.9522
Ricochet,Carowinds,Charlotte,North Carolina,South,2002,3:Newest,28,54,Thrill,Steel,Sit Down,50,1213.9,110,No,0,Mack Rides GmbH & Co KG,35.26,-80.8042
Riddler Revenge,Six Flags New England,Agawam,Massachusetts,Northeast,1997,2:Recent,49.7,109.3,Extreme,Steel,Inverted,86,2260.5,96,Yes,5,Vekoma,42.0695,-72.6148
Riddler's Revenge,Six Flags Magic Mountain,Valencia,California,West,1998,2:Recent,65,156,Extreme,Steel,Stand Up,146,4370,180,Yes,6,Bolliger & Mabillard,34.4658,-118.5538
Ride of Steel,Six Flags Darien Lake,Darien Center,New York,Northeast,1999,2:Recent,73,208,Extreme,Steel,Sit Down,205,5400,122,No,0,Intamin Amusement Rides,42.896,-78.3857
Ridge Rider Mountain Coaster,Heavenly Mountain Resort,South Lake Tahoe,California,West,2016,3:Newest,26,NA,Thrill,Steel,Sit Down,300,3400,NA,No,0,Wiegand,38.9275,-120.0396
River King Mine Train,Six Flags St. Louis,Eureka,Missouri,Midwest,1971,1:Older,37,32,Thrill,Steel,Sit Down,41,2500,180,No,0,Arrow Dynamics,38.5128,-90.6306
Road Runner Express,Six Flags Magic Mountain,Valencia,California,West,2011,3:Newest,21.7,27.9,Family,Steel,Sit Down,19,679.2,44,No,0,Vekoma,34.4658,-118.5538
Road Runner Express,Six Flags Fiesta Texas,San Antonio,Texas,South,1997,2:Recent,35,73,Thrill,Steel,Sit Down,67,2400,144,No,0,Arrow Dynamics,29.4684,-98.5289
Roadrunner Express,Six Flags Discovery Kingdom,Vallejo,California,West,1999,2:Recent,15,15,Family,Steel,Sit Down,13,262.5,73,No,0,Zamperla,38.1874,-122.2241
Roar,Six Flags America,Upper Marlboro,Maryland,South,1998,2:Recent,50.5,94.6,Extreme,Wood,Sit Down,85,3468,112,No,0,Great Coasters International,38.8162,-76.7861
Roar-O-Saurus,Story Land,Glen,New Hampshire,Northeast,2014,3:Newest,33,40,Thrill,Wood,Sit Down,38,1240,70,No,0,Gravitykraft Corporation,44.1101,-71.1826
Rock 'n' Roller Coaster,Walt Disney World - Disney's Hollywood Studios,Lake Buena Vista,Florida,South,1999,2:Recent,57,80,Extreme,Steel,Sit Down,78,3403,82,Yes,3,Vekoma,28.3937,-81.529
Rocky Top Mountain Coaster,Rocky Top Mountain Coaster,Pigeon Forge,Tennessee,South,2018,3:Newest,30,NA,Thrill,Steel,Sit Down,NA,3690.9,540,No,0,Wiegand,35.786,-83.5622
Roller Coaster,Boomers Family Fun Center,Medford,New York,Northeast,1999,2:Recent,NA,13,Family,Steel,Sit Down,NA,262.5,NA,No,0,Zamperla,40.8212,-72.9865
Roller Coaster,Lagoon,Farmington,Utah,West,1921,1:Older,45,62,Extreme,Wood,Sit Down,NA,2500,NA,No,0,NA,40.9691,-111.9073
Roller Skater,Kentucky Kingdom,Louisville,Kentucky,South,1994,2:Recent,21.7,27.9,Family,Steel,Sit Down,20,679.2,50,No,0,Vekoma,38.189,-85.6768
Rollies Coaster,Morey's Piers,Wildwood,New Jersey,Northeast,1999,2:Recent,27,33,Thrill,Steel,Sit Down,25,1100,58,No,0,Pinfari,39,-74.8167
Rollin' Thunder,Park at OWA,Foley,Alabama,South,2017,3:Newest,55.9,114.8,Extreme,Steel,Sit Down,125,2234.3,130,Yes,4,Zamperla,30.3847,-87.7268
Rollo Coaster,Idlewild & SoakZone,Ligonier,Pennsylvania,Northeast,1938,1:Older,25,27,Family,Wood,Sit Down,25,900,75,No,0,"Philadelphia Toboggan Coasters, Inc.",40.2713,-79.2511
Rougarou,Cedar Point,Sandusky,Ohio,Midwest,1996,2:Recent,60,145,Extreme,Steel,Sit Down,137,3900,160,Yes,4,Bolliger & Mabillard,41.3991,-82.7244
Rudy's Rapid Transit,Santa's Village,Jefferson,New Hampshire,Northeast,1988,2:Recent,22.4,26.3,Family,Steel,Sit Down,25,1181.1,NA,No,0,Zierer,44.419,-71.4745
Runaway Mine Train,Six Flags Great Adventure,Jackson,New Jersey,Northeast,1974,1:Older,38,60,Thrill,Steel,Sit Down,39,2665,120,No,0,Arrow Dynamics,40.1052,-74.3528
Runaway Mine Train,Six Flags Over Texas,Arlington,Texas,South,1966,1:Older,26,35,Thrill,Steel,Sit Down,NA,2485,180,No,0,Arrow Dynamics,32.6356,-97.1488
Runaway Mountain,Six Flags Over Texas,Arlington,Texas,South,1996,2:Recent,40,65,Thrill,Steel,Sit Down,30,1500,480,No,0,Premier Rides,32.6356,-97.1488
Runaway Tram,Morey's Piers,Wildwood,New Jersey,Northeast,2019,3:Newest,28.6,36.1,Family,Steel,Sit Down,40,921.9,NA,No,0,Zierer,39,-74.8167
Sand Serpent,Busch Gardens Tampa,Tampa,Florida,South,2004,3:Newest,28,45.9,Thrill,Steel,Sit Down,NA,1213.9,110,No,0,Mack Rides GmbH & Co KG,27.9961,-82.582
Sand Storm,Joyland Amusement Park,Lubbock,Texas,South,2019,3:Newest,22.4,24.6,Family,Steel,Sit Down,NA,721.8,NA,No,0,Cavazza Diego,33.5888,-101.8504
Santa Monica West Coaster,Pacific Park,Santa Monica,California,West,1996,2:Recent,35,55,Family,Steel,Sit Down,20,1300,60,No,0,Morgan,34.0137,-118.4938
Scorpion,Busch Gardens Tampa,Tampa,Florida,South,1980,2:Recent,41,60.7,Extreme,Steel,Sit Down,60,1817.6,90,Yes,1,Schwarzkopf,27.9961,-82.582
Scream!,Six Flags Magic Mountain,Valencia,California,West,2003,3:Newest,63,150,Extreme,Steel,Sit Down,141,3985,180,Yes,7,Bolliger & Mabillard,34.4658,-118.5538
Screamin' Eagle,Six Flags St. Louis,Eureka,Missouri,Midwest,1976,1:Older,62,110,Extreme,Wood,Sit Down,92,3872,150,No,0,"Philadelphia Toboggan Coasters, Inc.",38.5128,-90.6306
Scream'n Eagle,Fun Spot America Atlanta,Fayetteville,Georgia,South,2007,3:Newest,35,38,Thrill,Steel,Sit Down,NA,900,NA,No,0,E&F Miler Industries,33.4679,-84.4806
Sea Dragon,Columbus Zoo and Aquarium,Powell,Ohio,Midwest,1956,1:Older,25,35,Family,Wood,Sit Down,30,1320,90,No,0,"Philadelphia Toboggan Coasters, Inc.",40.1834,-83.0912
Sea Serpent,Santa Cruz Beach Boardwalk,Santa Cruz,California,West,2000,3:Newest,47,125,Family,Steel,Sit Down,116,972,113,No,0,E&F Miler Industries,37.0527,-122.1111
Sea Serpent,Fun Spot America,Orlando,Florida,South,2013,3:Newest,47,125,Family,Steel,Sit Down,116,935,108,No,0,E&F Miler Industries,28.5452,-81.3733
Sea Serpent,Jolly Roger Amusement Park,Ocean City,Maryland,South,2015,3:Newest,47,125,Kiddie,Steel,Sit Down,116,935,108,No,0,Miler Manufacturing,38.3505,-75.1289
Sea Serpent,Morey's Piers,Wildwood,New Jersey,Northeast,1984,2:Recent,47,125,Extreme,Steel,Sit Down,116,935,108,Yes,3,Vekoma,39,-74.8167
Sea Serpent,Keansburg Amusement Park,Keansburg,New Jersey,Northeast,1998,2:Recent,47,125,Family,Steel,Sit Down,116,935,108,No,0,E&F Miler Industries,40.4381,-74.1279
Sea Serpent,Deno's Wonder Wheel Amusement Park,Brooklyn,New York,Northeast,1999,2:Recent,47,125,Family,Steel,Sit Down,116,950,110,No,0,E&F Miler Industries,40.6312,-73.9415
Sea Viper,Palace Playland,Old Orchard Beach,Maine,Northeast,2018,3:Newest,41.1,68.8,Thrill,Steel,Sit Down,NA,1509.2,NA,No,0,Preston & Barbieri,43.524,-70.3907
Serpent,Kokomo's Family Fun Center,Saginaw,Michigan,Midwest,2009,3:Newest,30,45,Thrill,Steel,Sit Down,40,1919,110,No,0,S.D.C.,43.4124,-83.8869
Seven Dwarfs Mine Train,Walt Disney World - Magic Kingdom,Lake Buena Vista,Florida,South,2014,3:Newest,34,41,Family,Steel,Sit Down,39,2000,170,No,0,Vekoma,28.3937,-81.529
SheiKra,Busch Gardens Tampa,Tampa,Florida,South,2005,3:Newest,70,200,Extreme,Steel,Sit Down,195,3188,140,Yes,1,Bolliger & Mabillard,27.9961,-82.582
Shivering Timbers,Michigan's Adventure,Muskegon,Michigan,Midwest,1998,2:Recent,57,122,Extreme,Wood,Sit Down,125,5383,150,No,0,"Custom Coasters International, Inc.",43.2377,-86.2542
Shock Wave,Six Flags Over Texas,Arlington,Texas,South,1978,1:Older,60,116,Extreme,Steel,Sit Down,105,3600,120,Yes,2,Schwarzkopf,32.6356,-97.1488
Shredder,Nickelodeon Universe Theme Park,East Rutherford,New Jersey,Northeast,2019,3:Newest,36,141,Thrill,Steel,Sit Down,138,2247,NA,No,0,Gerstlauer Amusement Rides GmbH,40.8284,-74.0939
Sidewinder,Elitch Gardens,Denver,Colorado,West,1995,2:Recent,45,56,Extreme,Steel,Sit Down,47,635,66,Yes,1,Arrow Dynamics,39.7602,-104.9966
Sidewinder,Hersheypark,Hershey,Pennsylvania,Northeast,1991,2:Recent,47,116.5,Extreme,Steel,Sit Down,105,935,108,Yes,3,Vekoma,40.2697,-76.6364
Sierra Sidewinder,Knott's Berry Farm,Buena Park,California,West,2007,3:Newest,37,62.3,Thrill,Steel,Sit Down,39,1410.8,78,No,0,Mack Rides GmbH & Co KG,33.8463,-118.01220000000001
Silver Bullet,Knott's Berry Farm,Buena Park,California,West,2004,3:Newest,55,146,Extreme,Steel,Inverted,109,3125,150,Yes,6,Bolliger & Mabillard,33.8463,-118.01220000000001
Silver Bullet,Frontier City,Oklahoma City,Oklahoma,South,1986,2:Recent,47.8,83,Extreme,Steel,Sit Down,80,1942,180,Yes,1,Schwarzkopf,35.4916,-97.5628
Skull Mountain,Six Flags Great Adventure,Jackson,New Jersey,Northeast,1996,2:Recent,33,40.5,Family,Steel,Sit Down,37,1377,84,No,0,Intamin Amusement Rides,40.1052,-74.3528
Sky Rocket,Kennywood,West Mifflin,Pennsylvania,Northeast,2010,3:Newest,50,95,Extreme,Steel,Sit Down,90,2100,65,Yes,3,Premier Rides,40.3625,-79.8984
Skyliner,Lakemont Park,Altoona,Pennsylvania,Northeast,1987,2:Recent,40,60,Thrill,Wood,Sit Down,45,2400,120,No,0,"Philadelphia Toboggan Coasters, Inc.",40.4894,-78.3499
Skyrush,Hersheypark,Hershey,Pennsylvania,Northeast,2012,3:Newest,75,200,Extreme,Steel,Sit Down,186,3600,63,No,0,Intamin Amusement Rides,40.2697,-76.6364
Slingshot,Camden Park,Huntington,West Virginia,South,2016,3:Newest,NA,17,Family,Steel,Sit Down,6,190,79,No,0,SBF Visa Group,38.3717,-82.4129
Slinky Dog Dash,Walt Disney World - Disney's Hollywood Studios,Lake Buena Vista,Florida,South,2018,3:Newest,40,NA,Family,Steel,Sit Down,NA,NA,120,No,0,Mack Rides GmbH & Co KG,28.3937,-81.529
Soarin' Eagle,Luna Park,Brooklyn,New York,Northeast,2011,3:Newest,25.7,50,Extreme,Steel,Flying,17,1282.8,48,Yes,2,Zamperla,40.6312,-73.9415
Sooper Jet,Trimper Rides,Ocean City,Maryland,South,2010,3:Newest,NA,5,Kiddie,Steel,Sit Down,2,48,NA,No,0,Wisdom Rides,38.3505,-75.1289
Sooperdooperlooper,Hersheypark,Hershey,Pennsylvania,Northeast,1977,1:Older,45,70,Extreme,Steel,Sit Down,75,2614,105,Yes,1,Schwarzkopf,40.2697,-76.6364
Southern Express,Park at OWA,Foley,Alabama,South,2017,3:Newest,NA,13.1,Family,Steel,Sit Down,9,262.5,60,No,0,Zamperla,30.3847,-87.7268
Space Mountain,Disneyland,Anaheim,California,West,2005,3:Newest,30.2,100,Thrill,Steel,Sit Down,15,3035,170,No,0,Dynamic Attractions,33.845,-117.9522
Space Mountain,Walt Disney World - Magic Kingdom,Lake Buena Vista,Florida,South,1975,1:Older,27,90,Thrill,Steel,Sit Down,35,3196,155,No,0,NA,28.3937,-81.529
Speedway Coaster,NASCAR SpeedPark,Sevierville,Tennessee,South,2004,3:Newest,18.6,14.8,Family,Steel,Sit Down,11,413.4,NA,No,0,Zierer,35.8333,-83.5722
Speedy Gonzales Hot Rod Racers,Six Flags Magic Mountain,Valencia,California,West,2014,3:Newest,14,13.1,Family,Steel,Sit Down,7,262.5,54,No,0,Zamperla,34.4658,-118.5538
Spider,Lagoon,Farmington,Utah,West,2003,3:Newest,37.3,50.8,Thrill,Steel,Sit Down,NA,1391.1,70,No,0,Maurer Rides GmbH,40.9691,-111.9073
Spinning Coaster,Trimper Rides,Ocean City,Maryland,South,2015,3:Newest,NA,17,Family,Steel,Sit Down,6,190,108,No,0,SBF Visa Group,38.3505,-75.1289
Spinning Coaster,CJ Barrymore's Family Entertainment Center,Clinton Township,Michigan,Midwest,2019,3:Newest,NA,17,Family,Steel,Sit Down,6,190,108,No,0,SBF Visa Group,42.5512,-82.9167
Spinning Coaster,Western Playland,Sunland Park,New Mexico,West,2014,3:Newest,NA,14,Family,Steel,Sit Down,6,190,108,No,0,SBF Visa Group,31.7965,-106.58
Spinning Coaster,Tulsa's Incredible Pizza Company,Tulsa,Oklahoma,South,2015,3:Newest,NA,14,Family,Steel,Sit Down,6,190,108,No,0,SBF Visa Group,36.0391,-95.8687
Spinning Coaster,Incredible Pizza Company,Warr Acres,Oklahoma,South,2016,3:Newest,NA,14,Family,Steel,Sit Down,6,190,108,No,0,SBF Visa Group,35.5529,-97.6358
Spinning Dragons,Worlds of Fun,Kansas City,Missouri,Midwest,2004,3:Newest,31,54,Thrill,Steel,Sit Down,50,1345,90,No,0,Gerstlauer Amusement Rides GmbH,39.1024,-94.5986
Spinning Lady Bug Coaster,Edaville Family Theme Park,Carver,Massachusetts,Northeast,2015,3:Newest,NA,14,Family,Steel,Sit Down,8,190,77,No,0,SBF Visa Group,41.8962,-70.7597
Spinning Out,Beech Bend,Bowling Green,Kentucky,South,2016,3:Newest,NA,14,Family,Steel,Sit Down,6,NA,92,No,0,SBF Visa Group,37.0174,-86.4518
Spinning Parrot,Island in Pigeon Forge,Pigeon Forge,Tennessee,South,2018,3:Newest,NA,13,Family,Steel,Sit Down,5,NA,91,No,0,SBF Visa Group,35.786,-83.5622
Spin-O-Rama,Cliff's Amusement Park,Albuquerque,New Mexico,West,2016,3:Newest,NA,14,Family,Steel,Sit Down,NA,190,NA,No,0,SBF Visa Group,35.1996,-106.6448
SpongeBob SquarePants Rock Bottom Plunge,Nickelodeon Universe,Bloomington,Minnesota,Midwest,2008,3:Newest,43.5,74.5,Extreme,Steel,Sit Down,67,1371.4,120,Yes,2,Gerstlauer Amusement Rides GmbH,43.8666,-93.051
Sprocket Rockets,Six Flags Great America,Gurnee,Illinois,Midwest,1998,2:Recent,21.7,27.9,Family,Steel,Sit Down,20,679.2,44,No,0,Vekoma,42.3751,-87.9397
Steamin' Demon,Great Escape,Queensbury,New York,Northeast,1984,2:Recent,45,95,Extreme,Steel,Sit Down,65,1565,90,Yes,3,Arrow Dynamics,43.341,-73.6859
Steel Curtain,Kennywood,West Mifflin,Pennsylvania,Northeast,2019,3:Newest,75,220,Extreme,Steel,Sit Down,197,4000,120,Yes,8,S&S Sansei Technologies,40.3625,-79.8984
Steel Dragon,Waldameer,Erie,Pennsylvania,Northeast,2004,3:Newest,37.3,50.8,Thrill,Steel,Sit Down,NA,1391.1,84,No,0,Maurer Rides GmbH,42.1213,-80.0889
Steel Eel,SeaWorld San Antonio,San Antonio,Texas,South,1999,2:Recent,65,150,Extreme,Steel,Sit Down,150,3700,100,No,0,Morgan,29.4684,-98.5289
Steel Force,Dorney Park & Wildwater Kingdom,Allentown,Pennsylvania,Northeast,1997,2:Recent,75,200,Extreme,Steel,Sit Down,205,5600,180,No,0,Morgan,40.6027,-75.4692
Steel Hawg,Indiana Beach,Monticello,Indiana,Midwest,2008,3:Newest,41,96,Extreme,Steel,Sit Down,NA,1276,75,Yes,2,S&S Sansei Technologies,40.7792,-86.7495
Steel Lasso,Frontier City,Oklahoma City,Oklahoma,South,2008,3:Newest,30,49,Family,Steel,Suspended,NA,965,NA,No,0,Vekoma,35.4916,-97.5628
Steel Vengeance,Cedar Point,Sandusky,Ohio,Midwest,2018,3:Newest,74,205,Extreme,Steel,Sit Down,200,5740,150,Yes,4,Rocky Mountain Construction,41.3991,-82.7244
Steel Venom,Valleyfair!,Shakopee,Minnesota,Midwest,2003,3:Newest,68,185,Extreme,Steel,Inverted,175,630,57,No,0,Intamin Amusement Rides,44.7986,-93.5194
Steeplechase,Luna Park,Brooklyn,New York,Northeast,2011,3:Newest,37.3,42.7,Thrill,Steel,Sit Down,NA,1194.2,NA,No,0,Zamperla,40.6312,-73.9415
Storm Chaser,Kentucky Kingdom,Louisville,Kentucky,South,2016,3:Newest,52,100,Extreme,Steel,Sit Down,70,2744,100,Yes,2,Rocky Mountain Construction,38.189,-85.6768
Storm Runner,Hersheypark,Hershey,Pennsylvania,Northeast,2004,3:Newest,75,150,Extreme,Steel,Sit Down,180,2600,50,Yes,3,Intamin Amusement Rides,40.2697,-76.6364
Streamliner Coaster,Six Flags Fiesta Texas,San Antonio,Texas,South,1992,2:Recent,14,15,Family,Steel,Sit Down,13,278.8,NA,No,0,Vekoma,29.4684,-98.5289
Super Cyclone,Santa's Village AZoosment Park,Dundee,Illinois,Midwest,2017,3:Newest,30,32.8,Thrill,Steel,Sit Down,NA,1148.3,80,No,0,Interpark,42.1062,-88.3044
Super Flight,Playland Park,Rye,New York,Northeast,2004,3:Newest,25.7,50,Extreme,Steel,Flying,NA,1282.8,48,Yes,2,Zamperla,40.9789,-73.6933
Super Grovers Box Car Derby,SeaWorld San Antonio,San Antonio,Texas,South,2004,3:Newest,14.9,13.1,Thrill,Steel,Sit Down,NA,229.7,NA,No,0,Zierer,29.4684,-98.5289
Super Grover's Box Car Derby,SeaWorld Orlando,Orlando,Florida,South,2006,3:Newest,28,30,Family,Steel,Sit Down,NA,853,63,No,0,Zierer,28.5452,-81.3733
Superman - Ride Of Steel,Six Flags America,Upper Marlboro,Maryland,South,2000,3:Newest,73,197,Extreme,Steel,Sit Down,205,5350,130,No,0,Intamin Amusement Rides,38.8162,-76.7861
Superman - Ultimate Flight,Six Flags Over Georgia,Austell,Georgia,South,2002,3:Newest,51,106,Extreme,Steel,Flying,100,2759,120,Yes,2,Bolliger & Mabillard,33.8369,-84.6307
Superman - Ultimate Flight,Six Flags Great America,Gurnee,Illinois,Midwest,2003,3:Newest,51,106,Extreme,Steel,Flying,100,2798,180,Yes,2,Bolliger & Mabillard,42.3751,-87.9397
Superman - Ultimate Flight,Six Flags Great Adventure,Jackson,New Jersey,Northeast,2003,3:Newest,51,106,Extreme,Steel,Flying,100,2759,126,Yes,2,Bolliger & Mabillard,40.1052,-74.3528
Superman Krypton Coaster,Six Flags Fiesta Texas,San Antonio,Texas,South,2000,3:Newest,70,168,Extreme,Steel,Sit Down,160,4025,155,Yes,6,Bolliger & Mabillard,29.4684,-98.5289
Superman the Ride,Six Flags New England,Agawam,Massachusetts,Northeast,2000,3:Newest,77,208,Extreme,Steel,Sit Down,221,5400,155,No,0,Intamin Amusement Rides,42.0695,-72.6148
Superman Ultimate Flight,Six Flags Discovery Kingdom,Vallejo,California,West,2012,3:Newest,62,150,Extreme,Steel,Sit Down,135,863,NA,Yes,1,Premier Rides,38.1874,-122.2241
Superman: Escape from Krypton,Six Flags Magic Mountain,Valencia,California,West,1997,2:Recent,100,415,Extreme,Steel,Sit Down,328.1,1235,28,No,0,Intamin Amusement Rides,34.4658,-118.5538
Swamp Fox,Family Kingdom Amusement Park,Myrtle Beach,South Carolina,South,1966,1:Older,50,72,Thrill,Wood,Sit Down,62,2640,154,No,0,"Philadelphia Toboggan Coasters, Inc.",33.7716,-78.7847
Swamp Thing,Wild Adventures,Valdosta,Georgia,South,2003,3:Newest,26,48.6,Family,Steel,Inverted,NA,1122.1,90,No,0,Vekoma,30.7539,-83.3321
Swampwater Snake,Wild Adventures,Valdosta,Georgia,South,2019,3:Newest,NA,8,Family,Steel,Sit Down,NA,262,NA,No,0,Zamperla,30.7539,-83.3321
Swiss Toboggan,Little Amerricka,Marshall,Wisconsin,Midwest,1993,2:Recent,NA,45,Thrill,Steel,Sit Down,NA,450,NA,No,0,Chance Rides,43.1739,-89.0913
Switchback,ZDT'S Amusement Park,Seguin,Texas,South,2015,3:Newest,41,64,Thrill,Wood,Sit Down,56,1196,121,No,0,Gravitykraft Corporation,29.5787,-97.9518
T3,Kentucky Kingdom,Louisville,Kentucky,South,1995,2:Recent,49.7,101.7,Extreme,Steel,Inverted,86,2171.9,96,Yes,5,Vekoma,38.189,-85.6768
Talon,Dorney Park & Wildwater Kingdom,Allentown,Pennsylvania,Northeast,2001,3:Newest,58,135,Extreme,Steel,Inverted,120,3110,116,Yes,4,Bolliger & Mabillard,40.6027,-75.4692
Tantrum,Six Flags Darien Lake,Darien Center,New York,Northeast,2018,3:Newest,52.8,98.4,Extreme,Steel,Sit Down,97,1246.7,60,Yes,3,Gerstlauer Amusement Rides GmbH,42.896,-78.3857
Tasmanian Tiger,ZooTampa at Lowry Park,Tampa,Florida,South,2008,3:Newest,NA,11,Family,Steel,Sit Down,8,280,74,No,0,Wisdom Rides,27.9961,-82.582
Tatsu,Six Flags Magic Mountain,Valencia,California,West,2006,3:Newest,62,170,Extreme,Steel,Flying,111,3602,133,Yes,4,Bolliger & Mabillard,34.4658,-118.5538
Technic Coaster,Legoland California,Carlsbad,California,West,2001,3:Newest,35,51.8,Thrill,Steel,Sit Down,49.8,1312.3,115,No,0,Mack Rides GmbH & Co KG,33.1442,-117.3194
Teddy Bear,Stricker's Grove,Ross,Ohio,Midwest,1996,2:Recent,45,28,Family,Wood,Sit Down,20,700,63,No,0,NA,39.3124,-84.6483
Tempesto,Busch Gardens Williamsburg,Williamsburg,Virginia,South,2015,3:Newest,62,150,Extreme,Steel,Sit Down,135,863,NA,Yes,1,Premier Rides,37.3105,-76.7468
Tennessee Tornado,Dollywood,Pigeon Forge,Tennessee,South,1999,2:Recent,63,163,Extreme,Steel,Sit Down,128,2682,108,Yes,3,Arrow Dynamics,35.786,-83.5622
Texas Stingray,SeaWorld San Antonio,San Antonio,Texas,South,2020,3:Newest,55,96,Thrill,Wood,Sit Down,100,3379,166,No,0,Great Coasters International,29.4684,-98.5289
Texas Tornado,Wonderland Amusement Park,Amarillo,Texas,South,1985,2:Recent,50,80,Extreme,Steel,Sit Down,80,2050,110,Yes,2,Hopkins,35.206,-101.8396
The Branson Coaster,Branson Sawmill,Branson,Missouri,Midwest,2017,3:Newest,30,NA,Thrill,Steel,Sit Down,NA,2700,NA,No,0,Wiegand,36.661,-93.2358
Thriller,Land Of Make Believe,Hope,New Jersey,Northeast,1994,2:Recent,8,10,Family,Steel,Sit Down,9,220,57,No,0,E&F Miler Industries,40.9197,-74.9846
Thunder Run,Kentucky Kingdom,Louisville,Kentucky,South,1990,2:Recent,53,90,Thrill,Wood,Sit Down,78,2850,114,No,0,Dinn Corporation,38.189,-85.6768
Thunderation,Silver Dollar City,Branson,Missouri,Midwest,1993,2:Recent,48,110,Thrill,Steel,Sit Down,81,3022,130,No,0,Arrow Dynamics,36.661,-93.2358
Thunderbird,Holiday World,Santa Claus,Indiana,Midwest,2015,3:Newest,60,140,Extreme,Steel,Wing,130,3035,78,Yes,4,Bolliger & Mabillard,38.1176,-86.9286
Thunderbolt,Six Flags New England,Agawam,Massachusetts,Northeast,1941,1:Older,40,70,Thrill,Wood,Sit Down,70,2600,60,No,0,NA,42.0695,-72.6148
Thunderbolt,Luna Park,Brooklyn,New York,Northeast,2014,3:Newest,55.9,114.8,Extreme,Steel,Sit Down,112,2234.3,38,Yes,4,Zamperla,40.6312,-73.9415
Thunderbolt,Kennywood,West Mifflin,Pennsylvania,Northeast,1924,1:Older,55,70,Extreme,Wood,Sit Down,90,3250,101,No,0,NA,40.3625,-79.8984
Thunderhawk,Michigan's Adventure,Muskegon,Michigan,Midwest,2008,3:Newest,49.7,109.3,Extreme,Steel,Inverted,86,2260.5,96,Yes,5,Vekoma,43.2377,-86.2542
Thunderhawk,Dorney Park & Wildwater Kingdom,Allentown,Pennsylvania,Northeast,1924,1:Older,45,80,Thrill,Wood,Sit Down,65,2767,78,No,0,"Philadelphia Toboggan Coasters, Inc.",40.6027,-75.4692
Thunderhead,Dollywood,Pigeon Forge,Tennessee,South,2004,3:Newest,53.7,100.4,Extreme,Wood,Sit Down,100,3230,154,No,0,Great Coasters International,35.786,-83.5622
Tickler,Luna Park,Brooklyn,New York,Northeast,2010,3:Newest,NA,NA,Thrill,Steel,Sit Down,NA,1377.9,144,No,0,Zamperla,40.6312,-73.9415
Tidal Twister,SeaWorld San Diego,San Diego,California,West,2019,3:Newest,30,22,Extreme,Steel,Sit Down,NA,320,NA,Yes,1,Skyline Attractions,32.7241,-117.1709
Tidal Wave,Trimper Rides,Ocean City,Maryland,South,1986,2:Recent,47,125,Extreme,Steel,Sit Down,125,935,108,Yes,3,Vekoma,38.3505,-75.1289
Tidal Wave,Jenkinson's Boardwalk,Point Pleasant Beach,New Jersey,Northeast,2019,3:Newest,11.2,20,Family,Steel,Sit Down,NA,393.7,NA,No,0,SBF Visa Group,40.0912,-74.0479
Tiger Terror,Safari Land,Villa Park,Illinois,Midwest,2002,3:Newest,NA,22,Family,Steel,Sit Down,20,NA,45,No,0,Wisdom Rides,41.8754,-87.9764
Tiger Trax,Como Town,St. Paul,Minnesota,Midwest,2015,3:Newest,NA,33,Thrill,Steel,Sit Down,NA,1100,90,No,0,SBF Visa Group,44.9515,-93.0906
Tigris,Busch Gardens Tampa,Tampa,Florida,South,2019,3:Newest,62,150,Extreme,Steel,Sit Down,135,863,NA,Yes,1,Premier Rides,27.9961,-82.582
Tig'rr Coaster,Indiana Beach,Monticello,Indiana,Midwest,1984,2:Recent,31.1,44.3,Thrill,Steel,Sit Down,NA,1765.1,NA,No,0,Schwarzkopf,40.7792,-86.7495
Timber Terror,Silverwood Theme Park,Athol,Idaho,West,1996,2:Recent,55,85,Extreme,Wood,Sit Down,81,2700,92,No,0,"Custom Coasters International, Inc.",47.9224,-116.686
Timber Twister,Gilroy Gardens Family Theme Park,Gilroy,California,West,2001,3:Newest,21,26,Family,Steel,Sit Down,25,655,50,No,0,Zierer,37.0233,-121.4938
Timber Wolf,Worlds of Fun,Kansas City,Missouri,Midwest,1989,2:Recent,53,100,Extreme,Wood,Sit Down,95,4230,133,No,0,Dinn Corporation,39.1024,-94.5986
Timberhawk: Ride of Prey,Wild Waves Theme & Water Park,Federal Way,Washington,West,2003,3:Newest,50,75,Extreme,Wood,Sit Down,NA,2600,NA,No,0,S&S Sansei Technologies,47.3077,-122.3158
Timberline Twister,Knott's Berry Farm,Buena Park,California,West,1983,2:Recent,NA,30,Thrill,Steel,Sit Down,10,480,55,No,0,Bradley and Kaye,33.8463,-118.01220000000001
Time Traveler,Silver Dollar City,Branson,Missouri,Midwest,2018,3:Newest,50.3,100,Extreme,Steel,Sit Down,90,3020,117,Yes,3,Mack Rides GmbH & Co KG,36.661,-93.2358
Titan,Six Flags Over Texas,Arlington,Texas,South,2001,3:Newest,85,245,Extreme,Steel,Sit Down,255,5312,210,No,0,Giovanola,32.6356,-97.1488
TMNT Shellraiser,Nickelodeon Universe Theme Park,East Rutherford,New Jersey,Northeast,2019,3:Newest,62.1,141,Extreme,Steel,Sit Down,138,3280.8,112,Yes,7,Gerstlauer Amusement Rides GmbH,40.8284,-74.0939
Top Thrill Dragster,Cedar Point,Sandusky,Ohio,Midwest,2003,3:Newest,120,420,Extreme,Steel,Sit Down,400,2800,30,No,0,Intamin Amusement Rides,41.3991,-82.7244
Tornado,Adventureland,Altoona,Iowa,Midwest,1978,1:Older,58,93,Thrill,Wood,Sit Down,76,2840,120,No,0,NA,41.651,-93.4685
Tornado,Stricker's Grove,Ross,Ohio,Midwest,1993,2:Recent,45,50,Thrill,Wood,Sit Down,55,2080,93,No,0,NA,39.3124,-84.6483
Trailblazer,Hersheypark,Hershey,Pennsylvania,Northeast,1974,1:Older,35,43,Thrill,Steel,Sit Down,NA,1874,75,No,0,Arrow Dynamics,40.2697,-76.6364
Tremors,Silverwood Theme Park,Athol,Idaho,West,1999,2:Recent,50,85,Extreme,Wood,Sit Down,99,3158,100,No,0,"Custom Coasters International, Inc.",47.9224,-116.686
Troublesome Trucks Runaway Coaster,Edaville Family Theme Park,Carver,Massachusetts,Northeast,2015,3:Newest,19,29.5,Family,Steel,Sit Down,NA,574,100,No,0,Zamperla,41.8962,-70.7597
Tumbleweed,Adventure Park USA,Monrovia,Maryland,South,2015,3:Newest,NA,15,Family,Steel,Sit Down,12,170,62,No,0,Miler Manufacturing,39.3516,-77.2658
Turbulence,Adventureland,Farmingdale,New York,Northeast,2015,3:Newest,40,55,Thrill,Steel,Sit Down,NA,1253.3,NA,No,0,Mack Rides GmbH & Co KG,40.7327,-73.4328
Twist 'n' Shout,Family Kingdom Amusement Park,Myrtle Beach,South Carolina,South,2013,3:Newest,25,38,Thrill,Steel,Sit Down,15,885,61,No,0,Zamperla,33.7716,-78.7847
Twisted Colossus,Six Flags Magic Mountain,Valencia,California,West,2015,3:Newest,57,121,Extreme,Steel,Sit Down,128,4990,220,Yes,2,Rocky Mountain Construction,34.4658,-118.5538
Twisted Cyclone,Six Flags Over Georgia,Austell,Georgia,South,2018,3:Newest,50,100,Extreme,Steel,Sit Down,96,2400,72,Yes,3,Rocky Mountain Construction,33.8369,-84.6307
Twisted Timbers,Kings Dominion,Doswell,Virginia,South,2018,3:Newest,54,111,Extreme,Steel,Sit Down,109,3361,NA,Yes,3,Rocky Mountain Construction,37.8601,-77.4642
Twisted Typhoon,Wild Adventures,Valdosta,Georgia,South,1999,2:Recent,49.7,109.3,Extreme,Steel,Inverted,86,2260.5,96,Yes,5,Vekoma,30.7539,-83.3321
Twister,Knoebels Amusement Resort,Elysburg,Pennsylvania,Northeast,1999,2:Recent,51.5,101.6,Extreme,Wood,Sit Down,89.6,3900,130,No,0,NA,40.8594,-76.5508
Twister II,Elitch Gardens,Denver,Colorado,West,1995,2:Recent,55,100,Extreme,Wood,Sit Down,80,4640,137,No,0,Hensel Phelps Construction Co.,39.7602,-104.9966
Twist-N-Shout,Malibu Jack's,Lexington,Kentucky,South,2018,3:Newest,25,38,Family,Steel,Sit Down,15,885,61,No,0,SBF Visa Group,38.0378,-84.6165
Twist-N-Shout,Malibu Jack's,Louisville,Kentucky,South,2019,3:Newest,25,38,Family,Steel,Sit Down,15,885,60,No,0,SBF Visa Group,38.189,-85.6768
Twist-N-Shout,Fun Land of Fredericksburg,Fredericksburg,Virginia,South,2018,3:Newest,25,38,Family,Steel,Sit Down,15,885,60,No,0,SBF Visa Group,38.2951,-77.4837
Underground,Adventureland,Altoona,Iowa,Midwest,1996,2:Recent,NA,13,Family,Wood,Sit Down,NA,911,144,No,0,"Custom Coasters International, Inc.",41.651,-93.4685
Undertow,Santa Cruz Beach Boardwalk,Santa Cruz,California,West,2013,3:Newest,40,50,Thrill,Steel,Sit Down,NA,1410,NA,No,0,Maurer Rides GmbH,37.0527,-122.1111
Untamed,Canobie Lake Park,Salem,New Hampshire,Northeast,2011,3:Newest,43.5,72.2,Extreme,Steel,Sit Down,72,1184.4,51,Yes,3,Gerstlauer Amusement Rides GmbH,42.7884,-71.2009
Valravn,Cedar Point,Sandusky,Ohio,Midwest,2016,3:Newest,75,223,Extreme,Steel,Sit Down,214,3415,116,Yes,3,Bolliger & Mabillard,41.3991,-82.7244
Vapor Trail,Sesame Place,Langhorne,Pennsylvania,Northeast,1998,2:Recent,27,56,Family,Steel,Sit Down,43,1300,75,No,0,Vekoma,40.18,-74.9121
Verbolten,Busch Gardens Williamsburg,Williamsburg,Virginia,South,2012,3:Newest,53,89,Extreme,Steel,Sit Down,88,2835,205,No,0,Zierer,37.3105,-76.7468
Vertical Velocity,Six Flags Great America,Gurnee,Illinois,Midwest,2001,3:Newest,70,185,Extreme,Steel,Inverted,160,630,45,No,0,Intamin Amusement Rides,42.3751,-87.9397
Viper,Six Flags Magic Mountain,Valencia,California,West,1990,2:Recent,70,188,Extreme,Steel,Sit Down,171,3830,150,Yes,7,Arrow Dynamics,34.4658,-118.5538
Viper,Six Flags Great America,Gurnee,Illinois,Midwest,1995,2:Recent,50,100,Extreme,Wood,Sit Down,80,3458,105,No,0,NA,42.3751,-87.9397
Viper,Six Flags Darien Lake,Darien Center,New York,Northeast,1982,2:Recent,50,121,Extreme,Steel,Sit Down,75,3100,124,Yes,5,Arrow Dynamics,42.896,-78.3857
Vortex,Carowinds,Charlotte,North Carolina,South,1992,2:Recent,50,90,Extreme,Steel,Stand Up,80,2040,139,Yes,2,Bolliger & Mabillard,35.26,-80.8042
Voyage,Holiday World,Santa Claus,Indiana,Midwest,2006,3:Newest,67,159,Extreme,Wood,Sit Down,154,6442,165,No,0,NA,38.1176,-86.9286
Wacky Mouse,York's Wild Kingdom,York Beach,Maine,Northeast,2010,3:Newest,NA,16,Family,Steel,Sit Down,NA,NA,82,No,0,Fajume,43.1853,-70.6035
Wacky Worm,Adventure Landing,Jacksonville Beach,Florida,South,2005,3:Newest,10,13,Family,Steel,Sit Down,12,444,30,No,0,Fajume,30.2801,-81.4165
Wacky Worm,Lake Winnepesaukah,Rossville,Georgia,South,1991,2:Recent,10,13,Thrill,Steel,Sit Down,12,444,30,No,0,Fajume,34.9831,-85.2861
Wacky Worm,Santa's Village AZoosment Park,Dundee,Illinois,Midwest,2015,3:Newest,10,13,Family,Steel,Sit Down,12,444,30,No,0,Fajume,42.1062,-88.3044
Wacky Worm,Baja Amusements,Ocean City,Maryland,South,1998,2:Recent,10,13,Family,Steel,Sit Down,12,444,30,No,0,Fajume,38.3505,-75.1289
Wacky Worm,Jolly Roger Amusement Park,Ocean City,Maryland,South,2005,3:Newest,10,13,Family,Steel,Sit Down,12,444,30,No,0,Fajume,38.3505,-75.1289
Wacky Worm,Trimper Rides,Ocean City,Maryland,South,2006,3:Newest,10,13,Family,Steel,Sit Down,12,444,30,No,0,Fajume,38.3505,-75.1289
Wacky Worm,Gillian's Wonderland Pier,Ocean City,New Jersey,Northeast,2012,3:Newest,10,13,Family,Steel,Sit Down,12,444,30,No,0,Fajume,39.2485,-74.6044
Wacky Worm,DelGrosso's Amusement Park,Tipton,Pennsylvania,Northeast,2004,3:Newest,10,13,Family,Steel,Sit Down,12,444,30,No,0,Fajume,40.6367,-78.3036
Wave Breaker: The Rescue Coaster,SeaWorld San Antonio,San Antonio,Texas,South,2017,3:Newest,44,61,Thrill,Steel,Sit Down,58,2600,110,No,0,Intamin Amusement Rides,29.4684,-98.5289
West Coast Racers,Six Flags Magic Mountain,Valencia,California,West,2020,3:Newest,55,67,Extreme,Steel,Sit Down,NA,4000,180,Yes,4,Premier Rides,34.4658,-118.5538
Whirlwind,Playland's Castaway Cove,Ocean City,New Jersey,Northeast,2016,3:Newest,NA,14,Family,Steel,Sit Down,NA,190,NA,No,0,SBF Visa Group,39.2485,-74.6044
Whirlwind,Seabreeze,Rochester,New York,Northeast,2004,3:Newest,37.3,50.8,Thrill,Steel,Sit Down,NA,1391.1,70,No,0,Maurer Rides GmbH,43.286,-77.6843
Whistle Punk Chaser,Dollywood,Pigeon Forge,Tennessee,South,2017,3:Newest,16,14,Family,Steel,Sit Down,NA,262.5,69,No,0,Zamperla,35.786,-83.5622
White Lightning,Fun Spot America,Orlando,Florida,South,2013,3:Newest,44.3,69.7,Thrill,Wood,Sit Down,67.2,2032,75,No,0,Great Coasters International,28.5452,-81.3733
Whizzer,Six Flags Great America,Gurnee,Illinois,Midwest,1976,1:Older,42,70,Thrill,Steel,Sit Down,64,3100,120,No,0,Schwarzkopf,42.3751,-87.9397
Wicked,Lagoon,Farmington,Utah,West,2007,3:Newest,55,110,Extreme,Steel,Sit Down,90,2050.5,106,Yes,1,Zierer,40.9691,-111.9073
Wicked Cyclone,Six Flags New England,Agawam,Massachusetts,Northeast,2015,3:Newest,55,109,Extreme,Steel,Sit Down,90,3320,137,Yes,3,Rocky Mountain Construction,42.0695,-72.6148
Wicked Twister,Cedar Point,Sandusky,Ohio,Midwest,2002,3:Newest,72,215,Extreme,Steel,Inverted,206,2700,40,No,0,Intamin Amusement Rides,41.3991,-82.7244
Wild Chipmunk,Lakeside Amusement Park,Denver,Colorado,West,1955,1:Older,21,41,Thrill,Steel,Sit Down,15,1150,48,No,0,Miler Manufacturing,39.7602,-104.9966
Wild Eagle,Dollywood,Pigeon Forge,Tennessee,South,2012,3:Newest,61,210,Extreme,Steel,Wing,135,3127,142,Yes,4,Bolliger & Mabillard,35.786,-83.5622
Wild Lightnin',Lake Winnepesaukah,Rossville,Georgia,South,2001,3:Newest,25,48,Thrill,Steel,Sit Down,NA,1183,70,No,0,L&T Systems,34.9831,-85.2861
Wild Mouse,Beech Bend,Bowling Green,Kentucky,South,2005,3:Newest,29.1,42.7,Thrill,Steel,Sit Down,25,1377.9,90,No,0,Zamperla,37.0174,-86.4518
Wild Mouse,Funtown Splashtown U.S.A.,Saco,Maine,Northeast,2009,3:Newest,28,49.3,Extreme,Steel,Sit Down,25,1213.9,70,No,0,Maurer Rides GmbH,43.5009,-70.4428
Wild Mouse,Idlewild & SoakZone,Ligonier,Pennsylvania,Northeast,1993,2:Recent,30,56,Thrill,Steel,Sit Down,NA,1640,99,No,0,Vekoma,40.2713,-79.2511
Wild Mouse,Hersheypark,Hershey,Pennsylvania,Northeast,1999,2:Recent,28,45.9,Thrill,Steel,Sit Down,25,1213.9,110,No,0,Mack Rides GmbH & Co KG,40.2697,-76.6364
Wild Mouse,Dorney Park & Wildwater Kingdom,Allentown,Pennsylvania,Northeast,2000,3:Newest,28,49.3,Extreme,Steel,Sit Down,25,1213.9,70,No,0,Maurer Rides GmbH,40.6027,-75.4692
Wild Mouse,Lagoon,Farmington,Utah,West,1998,2:Recent,28,49.3,Thrill,Steel,Sit Down,25,1213.9,70,No,0,Maurer Rides GmbH,40.9691,-111.9073
Wild One,Six Flags America,Upper Marlboro,Maryland,South,1986,2:Recent,53,98,Extreme,Wood,Sit Down,88,4000,112,No,0,"Philadelphia Toboggan Coasters, Inc.",38.8162,-76.7861
Wild Thing,Valleyfair!,Shakopee,Minnesota,Midwest,1996,2:Recent,74,207,Extreme,Steel,Sit Down,196,5460,180,No,0,Morgan,44.7986,-93.5194
Wild Thing,Wild Waves Theme & Water Park,Federal Way,Washington,West,1997,2:Recent,40,75,Extreme,Steel,Sit Down,64,1565,60,Yes,3,Arrow Dynamics,47.3077,-122.3158
Wild Waves,Playland's Castaway Cove,Ocean City,New Jersey,Northeast,2017,3:Newest,64,50,Extreme,Steel,Sit Down,NA,NA,97,No,0,E&F Miler Industries,39.2485,-74.6044
Wild West Express,Glenwood Caverns Adventure Park,Glenwood Springs,Colorado,West,2012,3:Newest,16.2,10.8,Family,Steel,Sit Down,8,197.5,NA,No,0,Zierer,39.6014,-107.3043
Wild West Express,Adventure Park USA,Monrovia,Maryland,South,2015,3:Newest,40,53,Extreme,Steel,Sit Down,30,1347,103,No,0,Zamperla,39.3516,-77.2658
Wildcat,Funland Amusement Park,North Little Rock,Arkansas,South,2007,3:Newest,30,44,Extreme,Steel,Sit Down,NA,1509,78,No,0,Williams Amusement Device Company,34.7666,-92.2629
Wildcat,Lake Compounce,Bristol,Connecticut,Northeast,1927,1:Older,48,85,Thrill,Wood,Sit Down,78,2746,75,No,0,"Philadelphia Toboggan Coasters, Inc.",41.6812,-72.9396
Wildcat,North Georgia State Fair,Marietta,Georgia,South,2011,3:Newest,30,44,Thrill,Steel,Sit Down,NA,1509,78,No,0,Schwarzkopf,33.9125,-84.5572
Wildcat,Jolly Roger Amusement Park,Ocean City,Maryland,South,2015,3:Newest,30,50,Thrill,Steel,Sit Down,45,1837,108,No,0,Schwarzkopf,38.3505,-75.1289
Wildcat,Adventure Park USA,Monrovia,Maryland,South,2007,3:Newest,NA,44.3,Thrill,Steel,Sit Down,NA,1509.2,86,No,0,Schwarzkopf,39.3516,-77.2658
Wildcat,Frontier City,Oklahoma City,Oklahoma,South,1991,2:Recent,46,75,Thrill,Wood,Sit Down,65,2653,130,No,0,National Amusement Device Company,35.4916,-97.5628
Wildcat,Hersheypark,Hershey,Pennsylvania,Northeast,1996,2:Recent,50,106,Extreme,Wood,Sit Down,85.2,3183,136,No,0,Great Coasters International,40.2697,-76.6364
Wilderness Run,Carowinds,Charlotte,North Carolina,South,1998,2:Recent,16,15,Family,Steel,Sit Down,14,416,75,No,0,E&F Miler Industries,35.26,-80.8042
Wilderness Run,Cedar Point,Sandusky,Ohio,Midwest,1979,1:Older,6,19,Thrill,Steel,Sit Down,8,443,50,No,0,Intamin Amusement Rides,41.3991,-82.7244
Wildfire,Silver Dollar City,Branson,Missouri,Midwest,2001,3:Newest,66,120,Extreme,Steel,Sit Down,155,3073,136,Yes,5,Bolliger & Mabillard,36.661,-93.2358
